1|4|Down syndrome|4:20,22,29|Direct|Down syndrome is trisomy 21. Nondisjunction is failure of chromosomes or chromatids to separate; the deck also describes Robertsonian translocation involving fused long arms. Keep a chromosome-number change distinct from a structural rearrangement.|
2|4,6|Intellectual disability: supplied examples|4:22,28,30,33;6:12,13,15|Partial|The packet associates cognitive impairment with Down syndrome, cri du chat, fragile X, untreated PKU, Prader-Willi and Angelman syndromes. PKU illustrates why genotype does not alone determine phenotype: treatment changes the expressed outcome without removing the genotype.|Complete etiologic classification, mechanisms and diagnostic distinctions beyond these selected examples.
3|4|Cystic fibrosis|4:45|Partial|The supplied mechanism is defective chloride-channel transport, salt imbalance, and thick dehydrated mucus affecting lungs and pancreas. It is an autosomal recessive example. The slide's absolute survival statement is excluded as a dated claim.|The requested named gene and precise mutation details are not supplied; obtain the ninth-edition CF passage.
4|4|Recessive inheritance|4:45,46,47|Direct|A recessive disease requires two abnormal alleles in the supplied autosomal model. Two heterozygous carriers have, for each pregnancy, 25% affected offspring, 50% carriers and 25% unaffected noncarriers. Both sexes can be affected.|
5|4|Hemophilia A|4:5,49,52,53|Missing|The chapter objective names hemophilia, and the deck teaches general X-linked recessive rules. It does not explicitly connect Hemophilia A to a pattern or provide its molecular defect. General inheritance teaching appears below; the Hemophilia-specific key is gated.|Hemophilia A inheritance, factor defect and recurrence examples from the assigned textbook.
6|5,13|Type 2 diabetes and obesity|5:28,29,30N;13:14|Direct|Risk factors include obesity and family history. Obesity increases insulin resistance: cells have difficulty using the insulin present. Production can also diminish. Exercise has a preventive effect in the supplied deck. Do not substitute the autoimmune beta-cell destruction described for type 1 diabetes.|
7|12|Naming malignant tumors|12:12,13,14|Direct|Carcinoma means a malignant epithelial tumor; adenocarcinoma specifies ducts or glands. Sarcoma identifies malignant connective tissue, lymphoma lymphatic tissue, and leukemia blood-forming cells. Benign growth is well differentiated, noninvasive and nonmetastatic in the supplied contrast.|
8|12|Access to circulation|12:38,39,40,41|Direct|Invasion precedes metastasis. Cancer cells secrete proteases that digest extracellular matrix and basement membranes, opening pathways for movement. Cells must then survive travel through blood or lymph and grow in a receptive distant environment. Epithelial-mesenchymal transition reduces adhesion and increases migration and resistance to apoptosis.|
9|12|Treatment timing|12:57|Direct|Adjuvant chemotherapy follows surgical excision to eliminate micrometastases. Neoadjuvant chemotherapy precedes local surgery or radiation. Induction chemotherapy aims at shrinkage or disappearance of tumors. Timing and purpose are different classification axes.|
10|14|Childhood cancer timing|14:6,17N|Direct|Childhood cancers are often diagnosed during peak physical growth. The notes specify that embryonal tumors begin during intrauterine life and are typically diagnosed by age five. This latter age statement describes embryonal tumors, not every childhood cancer.|
11|13,14|Prenatal DES exposure|13:8;14:11|Partial|Both decks identify prenatal DES exposure among exposures associated with childhood cancer susceptibility. Exposure is a risk association, not proof that an individual child will develop cancer.|Specific DES-related tumor, exposed population, mechanism and latency are absent.
12|14|Origins of childhood tumors|14:4,6|Direct|Most childhood cancers arise from the mesodermal germ layer, which produces connective tissue, bone, cartilage, muscle, blood, vessels, gonads, kidneys and lymphatic tissue. Embryonal tumors reflect immature tissue that fails to mature or differentiate.|
13|14|N-myc|14:10N|Partial|The speaker notes explicitly associate N-myc with neuroblastoma. The same notes distinguish Down syndrome and leukemia, tuberous sclerosis and glial tumors, and Gorlin syndrome and medulloblastoma.|Amplification mechanism, prognostic meaning and treatment implications are not supplied.
14|46|Cooling and skin appendages|46:14,15,16,17,18N|Direct|Eccrine sweat glands cool the body through evaporation. Sebaceous glands secrete sebum. The dermis contains vessels, nerves, follicles and glands; fibroblasts make connective matrix and collagen, while mast cells release histamine. Subcutaneous tissue contains adipocytes and connective tissue.|
15|46|Pressure injury|46:27,28,29,30|Direct|Unrelieved pressure occludes capillary flow and causes ischemia and necrosis. Stage I has nonblanchable redness with intact skin; stage II partial skin loss; stage III full skin loss reaching subcutaneous tissue; stage IV damage to muscle, bone or supporting structures. A slough-covered base is unstageable; deep red or purple intact skin can signal deep tissue injury. Repositioning, pressure relief and moisture control address contributing forces.|
16|46|Keloid and hypertrophic scar|46:24,31,32|Direct|Excess collagen and abnormal fibroblast activity create a keloid. It is elevated, firm and progressively extends beyond the original injury. A hypertrophic scar remains inside the injury border. The boundary is the useful discriminator, rather than elevation alone.|
17|46|Psoriasis patterns|46:43,44,45|Direct|Psoriasis is a relapsing T-cell-mediated proliferative disorder. Epidermal turnover shortens from 26–30 to 3–4 days, leaving inadequate time for maturation. Plaque is most common; inverse is rare; guttate is more common in children; pustular develops pus; erythrodermic produces widespread red scaling. Arthritis and nail disease are listed systemic complications. Treatment ranges from emollients and topical agents to phototherapy and systemic agents according to severity.|
18|46,47|Varicella and zoster|46:74;47:34,35,37|Direct|Varicella-zoster virus causes both chickenpox and shingles. Chickenpox shows lesions at different stages together and spreads through contact or airborne droplets. Reactivation produces vesicles along a sensory nerve distribution. Do not confuse initial widespread infection with the later dermatomal eruption.|
19|46|Scleroderma|46:84|Partial|The slide describes sclerosis, fibroblast proliferation and fibrosis associated with T-helper cells and cytokines. Skin is hard, hypopigmented, taut and shiny. Its heading says localized morphea but its text also mentions internal-organ progression; this subtype boundary needs clarification before scoring.|Clarify localized versus systemic scleroderma and the full manifestations and pathophysiology in the ninth edition. No subtype-progression key is used.
20|46|Frostbite inflammation|46:95,97,98|Partial|Cold injury involves inflammation and reperfusion. Frostbite freezes tissue with ice-crystal formation, progressing from distal to proximal areas. Skin may be white or yellowish, waxy and firm.|Named inflammatory mediators and their roles in frostbite are absent.
21|46|Ibuprofen in frostbite|46:99|Missing|The frostbite treatment slide lists analgesics but does not identify ibuprofen or its mechanism. Ibuprofen appears elsewhere for burn metabolism; that does not establish a frostbite-specific claim.|Assigned textbook passage linking ibuprofen to frostbite inflammatory mediators, purpose and regimen.
22|47|Atopic dermatitis|47:9,10,11|Partial|Two explanatory models connect immune dysregulation and epidermal barrier failure. Filaggrin alteration weakens the barrier. Severe itching is the hallmark; redness, edema, scaling and scratching-related lichenification occur. Infants commonly have face, scalp, trunk and extensor lesions, while older children favor flexures. Hydration, emollients and trigger avoidance support barrier care.|Requested immunoglobulin and laboratory findings are absent; obtain exact Ig/lab passage.
23|47|Diaper dermatitis|47:12,13,61N|Direct|Prolonged urine/feces exposure, wet friction and occlusion irritate skin. Secondary Candida infection produces strongly erythematous, sharply bounded lesions with pustulovesicular satellites. Frequent changes, air exposure and barrier protection reduce irritation; candidal involvement adds a topical antifungal in the supplied treatment.|
24|47|Impetigo, tinea and thrush|47:15,16,17,22,23,25,26,27|Direct|Impetigo is a superficial bacterial infection transmitted by direct or indirect contact. Nonbullous lesions form honey-colored crusts; bullous disease involves staphylococcal exfoliative toxin disrupting adhesion. Dermatophytes thrive on keratin; their infections are called tinea. Capitis affects scalp and breaks hair; corporis expands outward with central clearing, often following kitten or puppy contact. Candida causes oral thrush with white plaques and shallow ulcers. The deck lists KOH examination for tinea and antifungal treatment for tinea and thrush.|
25|49|Goals of pediatric shock care|49:5,27,28,34,39|Direct|Restore oxygen delivery and tissue perfusion while treating the cause. Volume support addresses hypovolemia; myocardial support addresses cardiogenic shock; eliminating obstruction addresses obstructive shock. Airway, oxygenation and ventilation remain central. Normal systolic pressure alone does not establish adequate perfusion.|
26|48,49|Shock types: mechanism, findings and management|48:4,5,8,9,10,11,12,14,15,16,17,18,19,20,21,22,24;49:6,9,10,11,24,25,26,27,28,29,32,33,34,35,37,38,39|Partial|Cardiogenic shock is pump failure despite available volume; hypovolemic shock is inadequate circulating volume; neurogenic shock loses vascular tone; anaphylaxis creates vasodilation and fluid shift after an allergen; sepsis causes inflammatory maldistribution; obstruction physically impedes blood flow. Adult neurogenic findings include bradycardia and low vascular resistance. Pediatric compensated shock retains age-appropriate systolic pressure despite poor perfusion. The detailed comparison card separates treatment goals and supplied findings.|Exhaustive adult obstructive shock and pediatric anaphylaxis management, complete dosing/sequencing, and current protocol clarification are absent. Neurogenic adult treatment is only briefly listed. Pediatric lactate units and sepsis table wording need correction.
27|48,49|Burns: depths, severity, calculation and care|48:42,43,44,45,46,47,48,49,50,51,52,54,55;49:43,44,45,46,48,49,50,51,52,53,54,56,57,58,59,60,61,62,63,64,65,66|Partial|Burn injury can be thermal, chemical or electrical. Epidermal-only, partial dermal and full-thickness destruction differ in preserved barriers and appendages. Full-thickness injury destroys nerve endings and may be painless; superficial dermal injury is painful and blistering. Age, site, depth and extent determine severity. Children lose more fluid per unit weight because of a larger surface-area-to-weight ratio. Urine output monitors resuscitation. Airway compromise, infection, hypermetabolism, scarring and contracture complicate recovery. Age-adjusted charts are needed for children.|Validated adult rule-of-nines diagram, corrected pediatric percentages, calculation examples, modified Parkland formula, complete depth-specific management and dose protocols are missing. Chapter 49 slide 45 lower-extremity percentage is quarantined. Chapter 48 uses inconsistent first-degree/partial-thickness terminology; teach tissue depth explicitly.
28|48|End of burn shock|48:47|Direct|The supplied marker for the end of burn shock is capillary seal. Distinguish this event from a bedside measure of adequate fluid resuscitation, for which the deck identifies urine output.|
29|49|Electrical burns and renal failure|49:44,54|Missing|The packet names electrical burns and describes renal changes after burns generally, but supplies no electrical-burn-specific renal failure mechanism.|Electrical injury, muscle breakdown/pigment injury and renal failure passage from the assigned textbook; no inferred key.
30|4|Chromosomal syndrome comparison|4:24,25,28|Direct|Turner syndrome is 45,X with short stature, neck webbing, widely spaced nipples and ovarian absence in the deck. Klinefelter includes at least one Y and two X chromosomes, small testes, sparse body hair and gynecomastia. Cri du chat is a deletion syndrome with low birth weight, microcephaly and cognitive impairment.|
31|46,47|Mycotic dermal infections|46:78,79,80,81;47:22,23,25,27|Direct|Mycosis means fungal disease; tinea specifically denotes dermatophyte disease. Site labels matter: capitis scalp, pedis foot, corporis body, cruris groin and unguium nail. Candida can shift from commensal organism to pathogen in warm moist conditions and in listed host-risk states. KOH scrapings can reveal fungal hyphae.|
32|46|Subcutaneous tissue|46:16|Direct|The subcutaneous layer contains adipocytes and connective tissue, with collagen continuous with dermal collagen. Keep this layer distinct from the outer epidermis and the gland-, vessel- and nerve-containing dermis.|
33|12|Tumor cell markers|12:50,51,52|Direct|Markers are substances produced by benign or malignant cells, found in/on cells or in fluids such as blood, urine or spinal fluid. Examples include hormones, enzymes, genes and antigens. AFP is associated with liver/germ-cell tumors and PSA with prostate tumors. A marker can support screening, diagnosis or course monitoring without being uniquely cancer-specific.|
34|5,12|Intestinal polyps|5:22;12:54|Partial|The packet links inherited APC mutation with familial adenomatous polyposis and discusses preventive colectomy in the high-risk condition. It also distinguishes hereditary nonpolyposis colorectal cancer.|Polyp morphology, histologic categories, clinical manifestations and malignant-potential comparison are not supplied.
35|12,13|Chronic inflammation and cancer|12:32,33,34;13:5|Direct|Chronic inflammation can promote proliferation and new-vessel growth as part of a persistent wound-healing response. Tumor-associated macrophages can inhibit cytotoxic immune function and produce growth-promoting cytokines and angiogenic factors. This connects tissue repair signals with tumor survival rather than making every inflammation a cancer diagnosis.|
36|13|Smoking associations|13:9|Direct|The deck links smoking to cancers of lung, mouth, lips, nasal cavity/sinuses, larynx, pharynx, esophagus, pancreas, kidney, uterus, cervix, colon/rectum, liver and acute leukemia. Secondhand smoke is linked to lung cancer. These are the supplied positive associations; omissions are not proof of no association.|
37|14|Congenital factors and leukemia|14:8,9,10N|Partial|The deck identifies chromosomal abnormalities, hereditary syndromes, immune deficiency and congenital malformation syndromes as etiologic factors. Down syndrome/trisomy 21 is explicitly linked to leukemia.|Complete malformation-by-malignancy association table and mechanisms beyond the supplied examples.
38|46|Hypersensitivity and dermis|46:15,36,82,83|Partial|Dermal mast cells release histamine. Urticaria is presented as type I hypersensitivity: histamine promotes vascular fluid leakage and transient raised wheals. Allergic contact dermatitis is T-cell-mediated delayed type IV disease. Cutaneous vasculitis involves small-vessel immune complexes and complement.|Full reaction-by-layer comparison and detailed mediator sequence beyond the named examples.
39|46|Allergic contact dermatitis|46:36,37|Direct|An allergen binds a carrier protein and becomes a sensitizing antigen. Langerhans cells process it and present it to T cells. The delayed type IV response produces erythema, swelling, itching and vesicles. Irritant contact dermatitis is nonimmunologic injury; similar appearance does not establish the same mechanism.|
40|46|Latex allergy|46:36,83|Missing|General type I and type IV skin reactions are supplied, but latex and its immunoglobulin relationship are not explicitly taught.|Latex protein allergy versus additive contact sensitivity, relevant immunoglobulin and reaction types from the textbook.
41|46|Psoriasis exacerbating medications|46:43,44,45|Missing|The deck lists treatments and manifestations. It does not identify medications that exacerbate psoriasis; treatment lists cannot be reversed into an exacerbation key.|Named exacerbating medications, mechanisms and relevant withdrawal effects.
42|46|Basal cell carcinoma genes|46:88,94N|Direct|The deck associates basal cell carcinoma with TP53 and PTCH1 mutations. The lesion is pearly or ivory with a depressed center and rolled borders. Notes distinguish BRAF/RAS associations in cutaneous melanoma.|
43|48,49|MODS|48:26,27,29,31,32,33,34,35,36,37,38,39,40;49:7,8,40,41|Direct|MODS involves at least two failing organ systems after severe illness or injury. Primary MODS follows the direct insult; secondary MODS reflects an amplified host response, often after another insult. Primed leukocytes, endothelial damage, permeability changes, blood-flow maldistribution and a net procoagulant state impair organs. Confusion, lung dysfunction and renal/hepatic failure are supplied manifestations. Prevention controls the trigger and avoids second insults; support includes oxygenation, nutrition, volume restoration and organ-specific support.|
44|4|Molecular and chromosome vocabulary|4:12,17,18,20,29|Direct|Transcription synthesizes RNA from DNA. Nondisjunction is failed chromosome/chromatid separation. Aneuploidy changes individual chromosome number; polyploidy adds complete chromosome sets beyond diploidy. Translocation interchanges material between nonhomologous chromosomes. Do not equate a copied RNA message with a chromosome-number error.|
45|4|Blood-group inheritance|4:34|Missing|Codominance is defined as expression of both alleles, but ABO alleles and blood-group crosses are absent.|ABO genotype/phenotype table, dominance relationships and worked inheritance crosses.
46|4|Neurofibromatosis|4:44|Partial|The expressivity example, von Recklinghausen disease, is autosomal dominant and ranges from brown skin spots to tumors, scoliosis, gliomas and neuromas. This teaches variation in expression, not a complete disease classification.|Named gene/protein mechanism, disease types or degrees and diagnostic criteria.
47|4|Penetrance, expressivity and dominance|4:34,43,44|Direct|Penetrance measures the fraction with a genotype who show its expected phenotype. Expressivity describes variation in the phenotype. Dominance means one allele's effect is visible with another present; recessiveness means that effect is hidden in the heterozygote. A carrier can transmit a disease allele while remaining phenotypically normal.|
48|5|Incidence, prevalence and risk|5:5,6|Direct|Incidence counts new cases over a specified period in a population. Prevalence describes the affected fraction at a point in time. Relative risk divides incidence in an exposed group by incidence in an unexposed group. A snapshot of existing disease cannot substitute for the rate of new cases.|
49|5|Familial cancer patterns|5:19,20,22,23|Partial|Breast and colorectal familial patterns are directly described. Earlier onset and bilateral breast disease strengthen the supplied familial signal. APC mutation is linked with familial adenomatous polyposis. Prostate cancer risk-associated genetic variation is listed without the same recurrence detail.|Exhaustive familial cancer list and syndrome-specific inheritance beyond the supplied examples.
50|5,12|BRCA1 and BRCA2|5:20,21N;12:54|Partial|The guide's BRAC spelling is rendered BRCA in teaching, following the decks. BRCA1 maps to chromosome 17 and BRCA2 to chromosome 13. The inherited form increases breast and ovarian cancer risk, and the packet discusses preventive surgery for high-risk mutation carriers.|Specific mutation types, molecular DNA-repair mechanism and individualized risk interpretation are not supplied.
51|4|Four inheritance patterns|4:34,36,38,39,40,43,44,45,46,47,49,52,53,54|Partial|Autosomal dominant inheritance can pass through successive generations in either sex. Autosomal recessive disease appears when both alleles are abnormal. X-linked recessive transmission has no father-to-son route because fathers supply sons with a Y. The packet gives Huntington/von Recklinghausen examples, cystic fibrosis and Duchenne muscular dystrophy; it names X-linked dominant inheritance without teaching it in depth.|Two explicitly supported pathological examples for each requested pattern, especially X-linked dominant and the second recessive examples; complete X-linked dominant rules.
