4|chromosomes|p|sets|4:17,18,28,29|A karyotype contains three complete sets of chromosomes. Which term distinguishes this finding from an extra copy of one chromosome?|Polyploidy~Polyploidy adds whole chromosome sets.|Aneuploidy~Aneuploidy changes individual chromosome number rather than adding a complete set.|Translocation~Translocation exchanges material between chromosomes.|Inversion~Inversion reverses a chromosome segment.
4|chromosomes|p|separation|4:20,29|During cell division, sister chromatids fail to separate. Which event occurred before the abnormal chromosome count developed?|Nondisjunction~Failed separation is nondisjunction.|Transcription~Transcription copies DNA information into RNA.|Translation~Translation assembles a polypeptide.|Translocation~Translocation exchanges material between nonhomologous chromosomes.
4|inheritance|p|carrier-cross|4:47|Both parents carry one abnormal allele for the same autosomal recessive disorder. What fraction of offspring is expected to be unaffected carriers?|One half~Two of four equally likely combinations contain one abnormal allele.|One quarter~This is the affected fraction and also the unaffected noncarrier fraction.|Three quarters~This combines carriers and unaffected noncarriers.|All offspring~Two carriers can also produce affected or noncarrier offspring.
4|inheritance|p|father-son|4:52,53|A pedigree shows an affected father transmitting a condition directly to his son. Which proposed pattern is inconsistent with that route?|X-linked recessive~A father passes his Y chromosome to his son, not his X.|Autosomal dominant~An autosomal allele can pass from father to son.|Autosomal recessive~An autosomal disease allele can pass from father to son.|Multifactorial~The father-to-son observation alone does not exclude multiple contributing factors.
4|expression|p|variation|4:43,44|Two relatives carry the same disease genotype. One has limited skin findings and the other has tumors and skeletal findings. Which concept describes the difference in severity?|Expressivity~Expressivity is variation in phenotype associated with a genotype.|Penetrance~Penetrance concerns the fraction expressing the expected phenotype.|Dominance~Dominance concerns expression of an allele when another allele is present.|Homozygosity~Homozygosity means identical alleles, not variable manifestations.
4|expression|p|message|4:12,13|A drug blocks RNA polymerase from binding a DNA promoter. Which step is interrupted first?|Transcription~RNA polymerase binding begins RNA synthesis from the template.|Translation~Translation uses mRNA at a ribosome after transcription.|Chromosome segregation~Segregation separates genetic material during cell division.|Protein folding~The supplied blocked step precedes polypeptide production.
4|chromosomes|A|syndrome-comparison|4:24,25|A patient has small testes, sparse body hair and gynecomastia. Which karyotype best matches the supplied syndrome description?|47,XXY~At least two X chromosomes and a Y identify the Klinefelter pattern.|45,X~This identifies Turner syndrome.|46,XX~This does not contain the extra X and Y combination described.|47,XXX~Trisomy X lacks a Y chromosome.
4|inheritance|A|independent-birth|4:38,40|A heterozygous parent has an autosomal dominant disorder. The other parent has no disease allele. After two unaffected children, what is the risk for the next child?|50%~Each birth is independent and has one-half risk.|0%~Earlier unaffected births do not eliminate the next child's risk.|25%~This is the two-carrier autosomal recessive affected risk.|100%~The affected parent can transmit the normal allele.
4|expression|B|fraction|4:43,44|Of 100 people carrying a particular genotype, 80 show the expected phenotype. Which measure is 80%?|Penetrance~Penetrance is the proportion expressing the expected phenotype.|Expressivity~Expressivity describes differences in expression, not this fraction.|Relative risk~Relative risk compares incidence in exposed and unexposed groups.|Prevalence~Prevalence concerns disease in a population, not expression conditional on genotype.
4|chromosomes|B|rearrangement|4:28,29|Two nonhomologous chromosomes exchange broken segments. The total number of chromosomes remains unchanged. How is the structural event classified?|Reciprocal translocation~Reciprocal translocation exchanges material after breaks in two chromosomes.|Monosomy~Monosomy is loss of a chromosome copy.|Triploidy~Triploidy adds a complete chromosome set.|Nondisjunction~Nondisjunction is failed separation during division.
4|inheritance|C|affected-recessive|4:45,47|An unaffected couple has a child with an autosomal recessive disorder. Both parents are heterozygous. What genetic state accounts for the child's disease in this model?|Two abnormal alleles~The supplied model requires homozygosity for the recessive abnormality.|One abnormal allele~One abnormal allele identifies an unaffected carrier in this model.|Two normal alleles~These do not explain the recessive disorder.|One normal allele only~This does not describe the two-allele autosomal disease state.
4|expression|C|treatment-phenotype|4:33|An infant with the PKU genotype receives treatment and avoids the cognitive phenotype described in the deck. What has changed?|Phenotype~Treatment changes the expressed outcome while the genotype remains.|Genotype~The treatment example explicitly retains the genotype.|Chromosome count~The source does not attribute the outcome to chromosome number.|Mode of inheritance~Treatment does not change how the allele was inherited.
5|risk|p|snapshot|5:5,6|A clinic counts everyone who currently has a disease on one specified date. Which measure is being estimated?|Prevalence~Prevalence is the affected fraction at one point in time.|Incidence~Incidence counts new cases over a defined period.|Relative risk~Relative risk compares exposed and unexposed incidence.|Penetrance~Penetrance is expression among people with a genotype.
5|risk|p|ratio|5:6|New disease occurs in 12% of an exposed group and 3% of an unexposed group during the same period. What is the relative risk?|4~Relative risk is 12 divided by 3.|9~Subtracting percentages gives a difference, not the ratio.|0.25~This reverses the exposed and unexposed groups.|15~Adding the rates does not yield relative risk.
5|familial|p|gene-map|5:20,21N|A report identifies an inherited BRCA1 mutation. Which chromosome contains the gene in the supplied mapping?|17~The packet maps BRCA1 to chromosome 17.|13~Chromosome 13 carries BRCA2 in the packet.|21~Trisomy 21 is linked with Down syndrome.|15~Chromosome 15 appears in the imprinting examples, not this BRCA mapping.
5|familial|p|polyposis|5:22|A family is evaluated for familial adenomatous polyposis. Which gene is directly associated with that condition in the deck?|APC~The deck links inherited APC mutation with familial adenomatous polyposis.|BRCA1~BRCA1 is linked with inherited breast and ovarian risk.|TCF7L2~TCF7L2 is discussed in type 2 diabetes.|APP~APP appears in the Alzheimer disease discussion.
5|metabolic|p|resistance|5:28,30N|An adult with obesity has circulating insulin, but cells have difficulty using it. Which abnormality best fits the supplied type 2 diabetes mechanism?|Reduced tissue response~Reduced response to available insulin is insulin resistance.|Autoimmune beta-cell destruction~Autoimmune beta-cell destruction is the supplied type 1 mechanism.|Increased hepatic glucose production~The stem specifically identifies reduced cellular use rather than hepatic output.|Reduced pancreatic insulin secretion~Reduced production can occur, but the stem identifies impaired use of available insulin.
5|metabolic|p|prevention|5:28,30N|An adult with obesity and a family history of type 2 diabetes begins regular exercise. Which part of the supplied risk model is this intervention addressing?|A modifiable contributor~Physical activity addresses an environmental contributor to risk.|The inherited genotype~Exercise does not replace inherited alleles.|A chromosome-number abnormality~No chromosome-number abnormality defines the described risk.|An imprinting defect~The source identifies exercise and obesity, not parent-specific silencing.
5|risk|A|new-cases|5:5|A health department tracks only newly diagnosed cases over one year. Which feature makes this an incidence measure?|New cases during an interval~The defining feature is new disease over time.|All existing cases on one date~This describes prevalence.|Expressed disease among gene carriers~This describes penetrance.|Severity among affected relatives~This concerns expressivity rather than population incidence.
5|familial|A|bilateral|5:20,36|Which family history most strengthens the inherited breast-cancer signal described in the packet?|Early onset with bilateral disease~Both earlier onset and bilaterality strengthen the supplied familial signal.|Late onset with unilateral disease~This lacks both features emphasized in the source.|Late onset with no affected relatives~This lacks the stated familial and early-onset clues.|Unilateral disease with no affected relatives~This does not contain the stronger familial pattern described.
5|metabolic|B|type-contrast|5:26,28|Which comparison correctly separates the supplied mechanisms of type 1 and type 2 diabetes?|Beta-cell destruction versus tissue resistance~The source contrasts beta-cell destruction in type 1 with impaired response in type 2.|Tissue resistance versus beta-cell destruction~This reverses the two mechanisms.|Glucagon deficiency versus insulin deficiency~The defining type 1 defect is beta-cell destruction, not glucagon deficiency.|Insulin excess versus glucagon excess~Excess hormones do not describe the supplied defining contrast.
5|risk|B|followup|5:5,6|A researcher wants to compare disease development after an exposure. Which pair of measurements is needed for the relative risk described in the deck?|Incidence in exposed and unexposed groups~Their ratio gives relative risk.|Prevalence before and after treatment~This is a different comparison.|Severity in mild and severe cases~Severity does not provide the incidence ratio.|Expression in carriers and noncarriers~This is not sufficient without comparable disease incidence data.
5|familial|C|other-organ|5:20|The packet links an inherited BRCA2 form of breast cancer with increased risk in which other organ?|Ovary~The supplied BRCA discussion identifies ovarian risk.|Thyroid~Thyroid is not the linked organ in this BRCA passage.|Bladder~Bladder is not the linked organ in this BRCA passage.|Stomach~Stomach is not the linked organ in this BRCA passage.
5|metabolic|C|gene-role|5:29,30N|The source notes identify TCF7L2 as encoding a transcription factor involved in which function?|Insulin secretion~The notes link this transcription factor with insulin secretion.|Glucagon secretion~The cited gene passage specifies insulin secretion, not glucagon.|Renal glucose excretion~The passage concerns a transcription factor involved in secretion, not renal loss.|Hepatic glucose storage~Storage is not the function assigned to TCF7L2 in these notes.
6|methylation|p|promoter|6:4,26|A tumor-suppressor promoter becomes heavily methylated. What change is expected from the supplied mechanism?|Reduced transcription~Heavy promoter methylation makes the gene less likely to be transcribed.|Increased transcription~Promoter hypermethylation suppresses, rather than raises, transcription.|Increased messenger-RNA stability~Stability acts on an existing message; the stem alters production at the promoter.|Reduced protein degradation~Protein degradation follows translation and is not the promoter effect.
6|methylation|p|opposite-patterns|6:26|A tumor shows less methylation overall but more methylation at tumor-suppressor promoters. Which interpretation fits the source?|Oncogene activity rises while suppression falls~The deck describes both changes as growth-promoting.|Oncogene activity falls while suppression rises~Both directions are reversed.|Both growth promotion and suppression fall~Hypomethylation increases oncogene activity in this source.|Both growth promotion and suppression rise~Suppressor promoter hypermethylation reduces suppressor activity.
6|imprinting|p|active-copy|6:14,15|A deletion removes the paternal chromosome-15 genes that are normally active only on that copy. Why can the maternal copy fail to compensate?|The relevant maternal genes are silenced~Parent-specific silencing leaves no active product after the deletion.|The maternal genes produce a competing protein~The missing product follows silence, not a competing product.|The maternal genes undergo increased transcription~Increased transcription would provide expression rather than explain its absence.|The maternal genes move to another chromosome~The source describes parental silencing, not movement of the gene.
6|imprinting|p|growth-dose|6:18,19|The only abnormality in a growth pathway is reduced IGF2 expression. Which supplied syndrome is associated with that direction of change?|Russell-Silver~The source links IGF2 downregulation with diminished growth.|Beckwith-Wiedemann~This is associated with excess active IGF2 and overgrowth.|Prader-Willi~This example involves paternal chromosome-15 gene loss.|Angelman~This example involves maternal chromosome-15 gene loss.
6|chromatin|p|packing|6:6;4:16,49|A DNA segment is tightly bound to its associated histones. Which term describes that packing state?|Heterochromatic~Heterochromatin is tightly bound DNA in the supplied comparison.|Euchromatic~Euchromatin is loosely bound.|Haploid~Haploid describes a chromosome-set count.|Hemizygous~Hemizygous describes a single copy of a gene, not packing.
6|chromatin|p|translation-block|6:28|A small RNA binds its target messenger RNA and promotes its degradation. Which process is directly prevented?|Translation~Loss of the messenger prevents its translation.|Chromosome segregation~The target is mRNA rather than dividing chromosomes.|DNA replication~The described event acts on RNA after DNA has been transcribed.|Crossing over~Crossing over exchanges chromosome material rather than degrading mRNA.
6|methylation|A|reversible-target|6:29|A demethylating agent is considered for an epigenetic disorder. Which change is the intended target?|Promoter methylation~Epigenetic modifications can be reversed in the supplied treatment discussion.|Chromosome-arm deletion~Demethylation does not restore deleted chromosome material.|DNA-base substitution~The source distinguishes expression modification from sequence mutation.|Chromosome-set duplication~The intervention does not remove a whole chromosome set.
6|imprinting|A|parent-effect|6:11,12,13|The same chromosome-15 deletion produces different syndromes depending on which parent transmitted it. Which mechanism explains the parent-specific outcome?|Genomic imprinting~Gene activity depends on parental origin.|Independent assortment~Independent assortment does not explain parent-specific silencing.|Codominance~Codominance expresses both alleles rather than silencing one.|Polyploidy~Polyploidy changes complete chromosome sets.
6|chromatin|B|hdac|6:29|An HDAC inhibitor counters which change in histone proteins?|Removal of acetyl groups~Deacetylase removes acetyl groups; inhibition counters that removal.|Addition of acetyl groups~This reverses the direction of deacetylation.|Removal of methyl groups~This changes a different chemical group.|Addition of methyl groups~This changes a different chemical group.
6|methylation|B|repair-loss|6:27;12:24|MLH1 becomes transcriptionally inactive in the supplied cancer example. What consequence follows?|Reduced DNA repair~The source links loss of MLH1 activity with accumulated damage and colon tumors.|Increased DNA repair~Loss of MLH1 activity permits damage to accumulate.|Reduced growth-factor signaling~Growth signaling is a different pathway from repairing damaged DNA.|Increased apoptotic signaling~The supplied consequence is accumulated damage, not greater apoptosis.
6|imprinting|C|double-dose|6:16,17,18,19|A cell has two active copies of IGF2 instead of the usual one in the supplied imprinting model. What developmental effect is associated with this change?|Increased growth~Extra active IGF2 is linked with overgrowth.|Diminished growth~Reduced IGF2 is associated with diminished growth.|Delayed growth with later catch-up~The source describes increased fetal IGF2, not delayed growth followed by recovery.|Unchanged growth with altered pigmentation~Increased active IGF2 affects growth, not the stated pigment pattern.
6|chromatin|C|cell-fate|6:10|Cells with the same DNA become neurons or muscle cells during development. Which supplied process helps establish these different identities?|Differential regulation of gene expression~Different genes are expressed where their products are needed.|Selective deletion of unused coding regions~Differential expression does not require deletion of the unused genes.|Acquisition of a different chromosome number~The stem retains the same genetic material; altered copy number is not the source mechanism.|Random replacement of differentiation genes~Epigenetic regulation changes expression without replacing the gene sequence.
12|invasion|p|matrix|12:39,40|A tumor cell releases proteases at the edge of a mass. Which barrier do these enzymes help it cross?|Extracellular matrix~Proteases digest matrix and basement membranes to create pathways.|Adjacent cell cytoplasm~The route described is through extracellular support tissue, not an adjacent cell interior.|Vascular smooth-muscle cytoplasm~The source names extracellular matrix and basement membrane rather than muscle cytoplasm.|Tumor-cell nuclear envelope~The nuclear envelope surrounds the tumor-cell nucleus; the stem asks about tissue invasion.
12|invasion|p|distant-site|12:38,40|Cancer cells enter blood vessels but fail to establish a distant tumor. Which additional ability is required for metastasis?|Survival and proliferation at the destination~Transport alone is insufficient; cells must survive and proliferate at the destination.|Stronger adhesion at the original site~Remaining attached at the origin does not establish growth at a new site.|Reduced proliferation at the destination~A distant colony requires proliferation, not its reduction.|Restoration of epithelial polarity at the origin~Restored polarity at the original site does not supply survival at the destination.
12|markers-therapy|p|marker-limit|12:50,51,52|A substance is detected in blood and is known to be produced by both benign and malignant cells. Which inference is supported?|It is not uniquely specific for malignancy~The source explicitly permits production by benign cells.|It proves distant metastasis~Detection alone does not establish spread.|It identifies the tumor stage by itself~Markers do not alone establish the extent of disease.|It excludes benign tissue activity~Benign cells may produce the marker.
12|markers-therapy|p|before-surgery|12:57|Chemotherapy is given before a planned local operation. Which term identifies this timing?|Neoadjuvant~Neoadjuvant treatment precedes local treatment.|Adjuvant~Adjuvant chemotherapy follows surgical excision.|Palliative surgery~This is surgery for symptom relief, not the timing of chemotherapy.|Brachytherapy~This is implanted radiation treatment rather than chemotherapy.
12|growth|p|suppressor|12:21,22|A mutation inactivates a protein that normally inhibits cell proliferation. Which gene category has lost its normal function?|Tumor-suppressor gene~These genes normally restrain proliferation.|Proto-oncogene~Normal proto-oncogenes promote regulated growth.|Oncogene~An oncogene is the growth-promoting altered form.|Angiogenic factor~An angiogenic factor promotes vessel growth rather than naming this gene category.
12|growth|p|inflammatory-support|12:32,34|A tumor-associated macrophage secretes angiogenic factors. Which local change can support the tumor?|Expansion of the vascular supply~Angiogenic factors promote a vascular supply.|Contraction of the vascular supply~Angiogenesis expands rather than contracts the vascular network.|Reinforcement of the basement membrane~Matrix reinforcement is not new-vessel growth.|Suppression of local growth signals~The described macrophage signals support tumor growth.
12|invasion|A|adhesion|12:41|During epithelial-mesenchymal transition, which change favors movement away from the primary tumor?|Reduced basement-membrane adhesion~The source describes loss of adhesion with increased migration.|Increased epithelial polarity~The source describes loss of epithelial-like polarity.|Reduced resistance to apoptosis~The source instead describes increased resistance.|Reduced migratory capacity~This opposes the supplied transition.
12|markers-therapy|A|postoperative-purpose|12:57|After complete local excision, chemotherapy is given to target disease too small to see. What is the stated purpose?|Eliminating occult micrometastases~This is the supplied goal of adjuvant chemotherapy.|Shrinking the primary mass before excision~The primary operation has already occurred, so preoperative shrinkage is not the goal.|Defining the histologic tumor grade~Histologic grading assesses tissue characteristics rather than eliminating occult disease.|Localizing a source of tumor markers~Marker localization is assessment, not this postoperative treatment purpose.
12|growth|B|caretaker|12:24,25|Loss of a caretaker gene increases cancer risk chiefly by impairing which function?|Repair of damaged DNA~Caretaker genes maintain genomic integrity.|Secretion of growth factors~Growth-factor secretion promotes proliferation; caretakers maintain genomic integrity.|Formation of new blood vessels~Vessel formation is angiogenesis, distinct from DNA repair.|Adhesion to surrounding matrix~Matrix adhesion concerns invasion, distinct from repairing genetic damage.
12|invasion|B|local-vs-distant|12:38,39|A tumor extends into tissue immediately beside it, with no documented distant deposit. Which process is demonstrated?|Local invasion~Local spread is invasion and can precede metastasis.|Distant metastasis~No distant site is demonstrated.|Tumor dedifferentiation~Dedifferentiation describes loss of cellular specialization, not the location of spread.|Angiogenic signaling~Local extension alone does not demonstrate production of vessel-growth signals.
12|markers-therapy|C|afp|12:51|A clinician follows AFP in the supplied tumor-marker examples. Which tumor group is associated with this marker?|Liver and germ-cell tumors~AFP is the marker identified for these tumors.|Prostate tumors~The source identifies PSA for prostate tumors.|Basal-cell skin tumors~AFP is not the marker association supplied here.|Lymphatic tumors~This is not the AFP pairing supplied in the slide.
12|growth|C|growth-signal|12:23|A growth-factor receptor remains in the on position without normal regulation. What effect does the supplied cancer mechanism predict?|Persistent proliferative signaling~A continuously active receptor sustains growth signaling.|Restored growth suppression~A signal stuck on bypasses normal growth restraint.|Reduced cell-cycle entry~An active growth signal favors cell-cycle entry.|Enhanced DNA damage repair~The altered pathway is growth signaling rather than DNA repair.
13|exposure|p|tobacco-sites|13:9|Which group contains only cancers positively linked with smoking in the supplied slide?|Lung, larynx and pancreas~All three appear in the smoking-associated list.|Breast, thyroid and ovary~This is not the positive group supplied on the smoking slide.|Prostate, brain and testis~This group is not the supplied smoking list.|Melanoma, myeloma and glioma~This group is not the supplied smoking list; absence here is not proof of no association.
13|exposure|p|prenatal-limit|13:8;14:11|A history documents prenatal DES exposure. Which conclusion stays within the supplied evidence?|A risk-associated exposure~The packet lists it as a risk-associated exposure.|A confirmed tumor diagnosis~Exposure history does not establish an existing tumor.|An inherited tumor-suppressor mutation~An environmental exposure is not evidence of an inherited mutation.|A marker of existing tumor burden~DES history does not measure current tumor burden.
13|risk-process|p|obesity-chain|13:14|Which sequence matches the obesity-related endocrine pathway described in the cancer-epidemiology deck?|Insulin resistance followed by hyperinsulinemia~The deck explicitly links these changes.|Insulin resistance followed by absent insulin~This is not the stated obesity pathway.|Increased insulin sensitivity followed by hyperinsulinemia~This reverses the initial change.|Increased insulin sensitivity followed by absent insulin~Neither step matches the supplied pathway.
13|risk-process|p|exercise-mediator|13:17|Which response is included among the supplied protective effects of physical activity?|Decreased inflammatory mediators~The deck lists reduced inflammatory mediators.|Increased inflammatory mediators~This reverses the listed direction.|Increased insulin-like growth factors~The deck lists a decrease.|Reduced immune function~The deck lists improved immune function.
13|microenvironment|p|stroma|13:5|A tumor's surrounding tissue includes immune cells that sustain chronic inflammation. Which term names this local tissue environment?|Stroma~Stroma is the tumor microenvironment.|Tumor parenchyma~This names the neoplastic cell population rather than its surrounding environment.|Metastatic deposit~A metastatic deposit concerns tumor location rather than surrounding tissue.|Clonal neoplasm~A clonal neoplasm is the tumor population, not its local supporting environment.
13|microenvironment|p|repair-risk|13:6;12:24|A person has impaired DNA-repair gene function. Which consequence connects that impairment with cancer susceptibility?|Reduced correction of genetic damage~Repair genes limit accumulation of damage.|Reduced activation of growth receptors~The defect is in repairing DNA rather than activating growth receptors.|Increased elimination of abnormal cells~Impaired repair allows damage to persist rather than ensuring cell elimination.|Increased restoration of growth restraints~Loss of repair does not restore growth restraints.
13|exposure|A|smoke-route|13:9|A nonsmoker regularly breathes environmental tobacco smoke. Which cancer risk is explicitly identified for this exposure?|Lung cancer~The slide specifically links secondhand smoke with lung cancer.|Ovarian cancer~This is not the specific secondhand-smoke pairing supplied.|Thyroid cancer~This is not the specific pairing supplied.|Bone cancer~This is not the specific pairing supplied.
13|risk-process|A|weight-independent|13:17|An adult becomes more active without losing weight. How does the packet characterize the possible cancer-risk effect?|Activity may reduce risk without weight loss~The deck explicitly describes this for selected cancers.|Risk reduction depends on weight loss~The source explicitly reports protection for selected cancers independent of weight change.|Activity affects detection rather than risk~The deck describes biological risk-related effects, not merely detection.|Risk reduction depends on reduced lean mass~The source does not make loss of lean mass a requirement for protection.
13|microenvironment|B|inflammation-bridge|13:5;12:32|Why can persistent inflammation create a permissive environment for tumor growth in these decks?|Persistent proliferative and angiogenic signals~The wound-healing response can support tumor progression.|Sustained inhibition of growth-factor signaling~The persistent wound-healing response supplies proliferative signals.|Enhanced tumor-specific cytotoxic function~The supplied macrophage model can suppress cytotoxic activity rather than enhance it.|Persistent suppression of tissue repair~The risk connection is a sustained repair response, not suppression of repair.
13|exposure|B|positive-association|13:9|Which nonrespiratory cancer is explicitly included in the supplied smoking-association list?|Pancreatic cancer~The supplied smoking list includes pancreas as well as respiratory sites.|Thyroid cancer~Thyroid is not a listed site in this smoking passage; pancreas is. This does not establish an absence of risk.|Bone cancer~Bone is not a listed site in this smoking passage; pancreas is. The question tests the supplied list.|Brain cancer~Brain is not a listed site in this smoking passage; pancreas is. The list does not make a universal exclusion claim.
13|risk-process|C|adipose-signal|13:14|Which adipose-derived substances are named in the obesity and cancer discussion?|Adipokines~The deck states that adipose tissue secretes adipokines.|Catecholamines~The named adipose secretions are adipokines, not this stress-hormone class.|Thyroid hormones~The cited passage does not identify thyroid hormones as the adipose product.|Glucocorticoids~This is not the product named in the adipose passage.
13|microenvironment|C|multi-contribution|13:5,6|Two people have similar carcinogen exposure but different tissue environments and DNA-repair function. Which interpretation fits the packet?|Exposure interacts with host susceptibility~The deck identifies genetic, epigenetic and local environmental factors.|Exposure dose determines susceptibility alone~This omits genetic, epigenetic and tissue contributors.|DNA repair outweighs any exposure effect~The deck identifies several contributors without assigning DNA repair universal dominance.|Stromal effects require an inherited mutation~Stromal effects are listed without requiring an inherited mutation.
14|origins|p|embryonal|14:4|A tumor arises from immature tissue that failed to differentiate during intrauterine life. Which category fits the supplied description?|Embryonal tumor~The source defines embryonal tumors by this developmental origin.|Carcinoma~Carcinoma identifies malignant epithelial origin.|Lymphoma~Lymphoma identifies lymphatic origin.|Adenoma~Adenoma is a benign glandular tumor category rather than this developmental description.
14|origins|p|growth-time|14:6|Which developmental period does the deck associate with frequent diagnosis of childhood cancers?|During peak physical growth~This is the stated timing association.|During the neonatal transition~The deck does not restrict frequent diagnosis to the neonatal transition.|After pubertal growth is complete~The source emphasizes peak growth rather than completed growth.|During a plateau in physical growth~A growth plateau reverses the supplied timing association.
14|genetic|p|nmyc|14:10N|The supplied notes connect N-myc with which pediatric tumor?|Neuroblastoma~The notes explicitly identify this association.|Retinoblastoma~This is a different familial pediatric tumor example.|Medulloblastoma~The notes pair this with Gorlin syndrome.|Glial tumor~The notes pair this with tuberous sclerosis.
14|genetic|p|chromosome-risk|14:9;4:22|A child has trisomy 21. Which malignancy association is explicitly supported by both supplied chapters?|Leukemia~Both chapters link Down syndrome with leukemia risk.|Neuroblastoma~The notes instead associate neuroblastoma with N-myc.|Retinoblastoma~Retinoblastoma appears as a familial tumor, not the explicit trisomy-21 pairing.|Medulloblastoma~The notes pair medulloblastoma with Gorlin syndrome.
14|etiology|p|exposure-timing|14:11|Which exposure is placed in the prenatal category by the childhood-cancer slide?|Diethylstilbestrol~DES is listed under prenatal exposure.|Ionizing radiation~The slide places radiation under childhood exposure.|Immunosuppressive agents~The slide lists these in its childhood drug-exposure category.|Cytotoxic chemotherapy~The slide lists this in its childhood drug-exposure category.
14|etiology|p|response-function|14:9;12:22|A pediatric tumor loses a gene product that normally restrains growth. Which change promotes the tumor?|Loss of tumor-suppressor function~Loss of suppression permits growth.|Restoration of tumor-suppressor function~Restoring suppression opposes growth.|Reduced proto-oncogene signaling~Reducing normal growth signaling does not describe the stated loss.|Increased DNA-repair function~Improved repair does not explain loss of growth restraint.
14|origins|A|mesoderm-tissues|14:6|Which tissue group is consistent with the mesodermal origins emphasized for childhood cancer?|Bone, muscle and blood~All are included among mesodermal derivatives in the deck.|Skin surface, hair and nails~This is not the mesodermal group supplied.|Airway lining, intestinal lining and glands~These do not match the supplied mesodermal grouping.|Brain, spinal cord and retina~These are not the mesodermal examples listed.
14|genetic|A|paired-association|14:10N|Which tumor is paired with Gorlin syndrome in the supplied speaker notes?|Medulloblastoma~This is the explicit pairing.|Neuroblastoma~This is paired with N-myc.|Glial tumor~This is paired with tuberous sclerosis.|Leukemia~This is paired with Down syndrome.
14|etiology|B|multifactorial|14:8|A team considers chromosomal alteration, immune deficiency and exposure history when assessing cancer susceptibility. Which etiologic model are they applying?|Multifactorial~The deck includes multiple genetic, congenital and environmental contributors.|Single obligatory exposure~The model is not restricted to one necessary exposure.|Purely environmental~This omits genetic and congenital contributors.|Purely Mendelian~This omits the environmental and immune contributors being considered.
14|origins|B|age-subgroup|14:4,17N|Which cancer category is emphasized for adolescents rather than the younger-child pattern of leukemia and CNS tumors?|Lymphomas~The source highlights Hodgkin and non-Hodgkin lymphomas in adolescents.|Neuroblastomas~This is not the adolescent category emphasized in the passage.|Retinoblastomas~This is not the category named for adolescents.|Embryonal kidney tumors~The source distinguishes the younger embryonal pattern from adolescent lymphomas.
14|genetic|C|other-syndrome|14:10N|A child has tuberous sclerosis. Which tumor association should the learner retrieve from the supplied notes?|Glial tumors~The notes pair tuberous sclerosis with glial tumors.|Neuroblastoma~The notes pair this with N-myc.|Medulloblastoma~The notes pair this with Gorlin syndrome.|Acute leukemia~The notes emphasize Down syndrome for this association.
14|etiology|C|congenital-vs-exposure|14:8,11|Which finding belongs in the congenital or inherited side of the packet's etiologic framework rather than the exposure side?|Chromosomal alteration~This is listed among genetic/congenital contributors.|Prenatal pesticide contact~This is an environmental exposure.|Childhood ionizing radiation~This is an environmental exposure.|Exposure to environmental toxins~This belongs to the exposure side.
46|barrier|p|layer|46:14,16|A biopsy reaches adipocytes and connective tissue continuous with dermal collagen. Which layer has been reached?|Subcutaneous layer~This layer contains fat and connective tissue.|Stratum corneum~This is an outer epidermal layer.|Stratum basale~This is an epidermal layer.|Papillary dermis~The adipocyte-rich layer described is below the dermis.
46|barrier|p|gland-purpose|46:17,18N|Eccrine secretion is reduced while sebaceous secretion remains intact. Which skin function is most directly impaired?|Evaporative cooling~Sweat from eccrine glands supports cooling by evaporation.|Oiling of skin and hair~This is the sebaceous function retained in the stem.|Collagen matrix production~Dermal fibroblasts perform this function.|Histamine-mediated vascular leakage~This involves mast cells rather than eccrine secretion.
46|repair|p|boundary|46:31,32|A firm raised scar continues growing past the original wound margins. Which feature distinguishes it from a hypertrophic scar?|Extension beyond the injury border~Keloids extend beyond the border; hypertrophic scars do not.|Elevation above the surface~Both can be elevated.|Presence of fibrous tissue~Both involve fibrous tissue.|Origin after skin injury~Both may follow injury.
46|repair|p|pressure-depth|46:28,29|A pressure injury has full-thickness skin loss with exposed damage to muscle. The base can be assessed. Which stage fits?|Stage IV~Muscle or bone involvement identifies stage IV.|Stage I~Stage I is intact skin with nonblanchable erythema.|Stage II~Stage II is partial-thickness skin loss.|Stage III~Stage III reaches subcutaneous tissue without the stated deeper involvement.
46|immune|p|contact-sequence|46:36,37,82,83|After an allergen binds a carrier protein in skin, Langerhans cells present it to sensitized T cells. Which mechanism is involved?|Delayed T-cell hypersensitivity~Allergic contact dermatitis is a type IV response.|Immediate mast-cell hypersensitivity~This is the type I urticaria comparison.|Nonimmunologic irritant injury~This lacks the antigen-specific T-cell mechanism.|Immune-complex vascular injury~This is the cutaneous vasculitis comparison.
46|immune|p|psoriasis-variant|46:44|A patient has widespread red, scaling lesions described as exfoliative dermatitis. Which psoriasis form matches the supplied classification?|Erythrodermic~This is the widespread exfoliative form.|Pustular~This form develops pus.|Guttate~This form is emphasized in children.|Inverse~The deck lists this as a rare form without the exfoliative description.
46|barrier|A|cell-role|46:15|Which dermal cell directly supplies connective tissue matrix and collagen?|Fibroblast~The deck assigns matrix and collagen secretion to fibroblasts.|Mast cell~Mast cells release histamine.|Macrophage~Macrophages perform phagocytosis.|Melanocyte~Melanocytes produce pigment rather than collagen.
46|repair|A|intact-redness|46:28,29|Persistent nonblanchable redness is present over the sacrum, but skin remains intact. Which category fits the described finding?|Stage I~Intact skin with nonblanchable erythema fits stage I.|Stage II~This requires partial-thickness skin loss.|Stage III~This requires full-thickness loss reaching subcutaneous tissue.|Unstageable~This requires a covered full-thickness wound base.
46|immune|B|urticaria|46:15,83|Histamine causes dermal vascular leakage and transient raised wheals. Which process is being described?|Urticaria~The source connects type I hypersensitivity and histamine leakage with wheals.|Keloid formation~This involves excessive collagen and progressive scarring.|Irritant contact dermatitis~This is nonimmunologic irritation rather than the described histamine response.|Pressure necrosis~This results from sustained compression and ischemia.
46|barrier|B|basal-gene|46:88,94N|A pearly lesion with rolled borders is associated with PTCH1 alteration. Which tumor fits the source pairing?|Basal cell carcinoma~The deck pairs this appearance and PTCH1 with basal cell carcinoma.|Squamous cell carcinoma~The deck describes epidermal tumors and TP53 rather than this PTCH1 pairing.|Malignant melanoma~This originates from melanocytes and has different source gene associations.|Kaposi sarcoma~This is a vascular malignancy associated with HHV-8.
46|repair|C|pressure-cause|46:27,30|Why does prolonged pressure over a bony prominence threaten underlying tissue?|Capillary occlusion and local ischemia~Ischemia and necrosis follow impaired flow.|Capillary leakage from histamine release~This describes the urticaria pathway rather than pressure-induced occlusion.|Collagen overproduction after tissue repair~This describes excess scarring after injury rather than impaired circulation from pressure.|Accelerated turnover of epidermal cells~Accelerated epidermal turnover is the psoriasis contrast.
46|immune|C|rapid-turnover|46:43,44|A treatment slows the unusually rapid epidermal turnover in psoriasis. Which defect is it addressing?|Insufficient time for epidermal maturation~Rapid transit leaves cells inadequately mature.|Excess collagen in the reticular dermis~Collagen overproduction belongs to excessive scar formation.|Reduced epidermal basal-cell proliferation~Psoriasis accelerates rather than reduces proliferation.|Delayed release of cells from the surface~The supplied turnover interval is shortened, not delayed.
47|dermatitis|p|barrier-defect|47:9|An inherited filaggrin alteration is implicated in a child's eczema. Which function is directly affected in the supplied explanation?|Epidermal barrier formation~Filaggrin alteration is linked to barrier dysfunction.|Dermal collagen synthesis~Fibroblasts produce dermal collagen; the cited filaggrin defect concerns epidermis.|Sebaceous lipid secretion~Sebaceous secretion is not the barrier-protein abnormality supplied.|Dermal capillary regulation~The stem concerns epidermal barrier function rather than dermal blood-flow regulation.
47|dermatitis|p|age-location|47:10|A child with chronic itchy eczema has lesions in the elbow and knee flexures. How does this compare with the infant distribution supplied in the deck?|Older children favor flexures~Infants more often show face, scalp, trunk and extensor lesions.|Infants favor flexures~Infants are described with face, scalp, trunk and extensor involvement.|Older children favor the face~The face is emphasized for infants; older children favor flexures.|Infants and older children favor extensor sites~The source distinguishes infant extensor involvement from later flexural involvement.
47|fungal|p|scalp|47:22,23,25|A child has circular scalp lesions with hairs broken just above the skin. Which fungal location label fits?|Tinea capitis~Capitis denotes scalp disease with the described broken hairs.|Tinea corporis~Corporis affects the body.|Tinea pedis~Pedis affects the feet.|Tinea cruris~Cruris denotes the groin.
47|fungal|p|ring-origin|47:25,26|A scaling body lesion spreads outward while its center clears after contact with an infected kitten. Which mechanism/source pairing is supported?|Dermatophyte infection from animal contact~The supplied tinea corporis passage describes this exposure and pattern.|Candida infection from a feeding nipple~This is the oral-thrush context rather than the ring lesion.|Staphylococcal toxin from skin infection~This belongs to a bacterial blistering mechanism.|Varicella infection from airborne droplets~Varicella produces vesicles at different stages rather than this ring pattern.
47|bacterial-viral|p|adhesion-toxin|47:15,17|A child's bullous skin infection is caused by toxin-mediated disruption of desmosomal adhesion. Which organism is named?|Staphylococcus aureus~The deck names S. aureus toxin in bullous impetigo.|Streptococcus pyogenes~The deck includes this organism in nonbullous impetigo, not the named exfoliative toxin.|Candida albicans~Candida is fungal and does not cause this toxin-mediated blistering.|Varicella-zoster virus~VZV causes the viral eruption rather than this bacterial toxin mechanism.
47|bacterial-viral|p|viral-stages|47:34,35,37|Macules, papules and vesicles coexist in the same area of a child's rash. Which supplied infection pattern does this support?|Chickenpox~Different maturation stages together are characteristic in the supplied description.|Nonbullous impetigo~The supplied discriminator is honey-colored crust.|Tinea corporis~This spreads peripherally with central clearing.|Oral thrush~This produces oral white plaques rather than the described skin stages.
47|dermatitis|A|satellites|47:12,13,61N|A diaper eruption develops sharply bounded redness and pustulovesicular satellite lesions. Which added process explains this change?|Secondary candidal infection~The notes identify this complication of diaper irritation.|Primary dermatophyte hair infection~This affects the scalp and breaks hair.|Latent varicella reactivation~This produces a sensory-nerve eruption.|Pressure-related muscle necrosis~This describes deep pressure injury rather than satellite lesions.
47|fungal|A|specimen|47:26|A clinician evaluates a ring-shaped scaling lesion for tinea corporis. Which sample is used for the supplied KOH examination?|Scale from the active border~The deck identifies the active scaling border.|Scale from the cleared center~The cleared center is not the active scaling border named in the source.|Fluid from beneath intact skin~The prescribed specimen is scale, not fluid beneath intact skin.|A swab of surrounding intact skin~The prescribed specimen comes from the lesion border rather than unaffected surrounding skin.
47|bacterial-viral|B|crust|47:15,16|A superficial infection around a child's nose produces small vesicles followed by honey-colored crusts. Which category fits?|Nonbullous impetigo~The crust is the supplied distinguishing feature.|Tinea capitis~This is a scalp fungal infection with broken hairs.|Thrush~This produces white oral plaques.|Herpes zoster~This produces a sensory-nerve distribution of vesicles.
47|dermatitis|B|itch-cycle|47:10|Repeated scratching of chronic eczema produces a thickened epidermis. Which term describes this secondary change?|Lichenification~The source links chronic scratching with epidermal thickening.|Vesiculation~This refers to blister formation rather than thickening.|Depigmentation~This refers to pigment loss rather than thickening.|Atrophy~This is thinning rather than thickening.
47|fungal|C|reinfection|47:27|An infant completes treatment for thrush but develops new oral plaques. Which potential reservoir is specifically addressed by the packet's prevention instructions?|Feeding bottles and nipples~Sterilizing this equipment addresses a supplied source of recurrent candidiasis.|Contact with an infected kitten~The packet links this exposure with tinea corporis.|A latent sensory ganglion infection~This is the VZV reactivation context.|An infected scalp hair shaft~This is the tinea capitis context.
47|bacterial-viral|C|reactivation|47:34,37|Years after chickenpox, a patient develops vesicles along a sensory nerve distribution. What explains the new pattern?|Reactivation of latent VZV~The same virus causes zoster after latency.|A new dermatophyte infection~This produces tinea rather than a dermatomal viral eruption.|Staphylococcal exfoliative toxin~This causes a bacterial blistering mechanism.|Candida overgrowth~This does not explain the sensory-nerve distribution.
48|shock|p|pump-volume|48:9,14|A patient has adequate intravascular volume but poor cardiac output after myocardial injury. Which primary problem explains the shock?|Pump failure~Cardiogenic shock is cardiac dysfunction despite adequate volume.|Loss of circulating volume~The stem specifies adequate volume.|Loss of sympathetic vascular tone~This is the neurogenic mechanism rather than the myocardial problem.|Allergen-induced vascular leakage~This describes anaphylaxis rather than the stated injury.
48|shock|p|space|48:16,17,18|Blood volume is unchanged, but widespread vasodilation greatly expands vascular capacity. Which change explains the relative hypovolemia?|Reduced systemic vascular resistance~The vascular space expands and pressure falls.|Increased circulating blood volume~Volume is unchanged in the source model.|Increased myocardial contractility~This is not the initiating vascular change.|Reduced extracellular fluid volume~The stated mechanism is expanded vascular space rather than fluid loss.
48|mods|p|second-hit|48:29,31|A mild second injury produces disproportionate inflammation in organs distant from an earlier insult. Which process is described?|Secondary MODS~Previously primed inflammatory cells amplify the later response.|Primary MODS~Primary MODS is directly associated with the initial insult.|Localized inflammation~The stem specifies distant organ involvement and disproportionate systemic response.|Compensated hypovolemia~The supplied model describes inflammatory amplification, not only volume compensation.
48|mods|p|clotting|48:32,35,41N|Endothelial damage and activated coagulation impair the microcirculation in MODS. Which balance is described in the packet?|Coagulation predominates in the microcirculation~Clotting predominates despite fibrinolytic activation.|Fibrinolysis predominates in the microcirculation~Both systems activate, but the source says clotting predominates.|Endothelium retains its anticoagulant balance~Endothelial dysfunction and thrombosis disrupt the normal balance.|Clotting remains confined to the original injury~The notes describe microvascular thrombosis throughout the body.
48|burns|p|nerve-loss|48:44,51,52|A burn is dry and leathery, with destroyed skin layers and little pain at the center. Why can the center be painless?|Nerve endings are destroyed~Full-thickness injury destroys the sensory endings.|The epidermis remains intact~The stem states destruction of skin layers.|The dermis has no injury~The described burn includes dermal destruction.|Blister fluid blocks sensory transmission~The source attributes absent pain to nerve destruction, not a fluid barrier.
48|burns|p|endpoint|48:47,54|Which event marks the end of burn shock in the supplied pathophysiology?|Capillary seal~The deck explicitly identifies capillary seal.|Appearance of a blister~Blistering describes wound depth rather than shock resolution.|Formation of a hypertrophic scar~This is a later healing issue.|Loss of skin appendages~This describes depth of tissue destruction.
48|shock|A|anaphylaxis-action|48:19,20,21|An allergen-triggered shock state includes airway constriction and vasodilation. Which supplied medication addresses both?|Epinephrine~The deck identifies vasoconstriction and reversal of airway constriction with epinephrine.|Norepinephrine~The deck lists norepinephrine in septic shock; it is not the named combined action here.|Antihistamine~Antihistamines reduce allergic symptoms but are not the named agent for both actions.|Isotonic fluid~Volume support does not directly reverse bronchoconstriction.
48|mods|A|organ-count|48:26,37,39|After systemic inflammation, respiratory and renal function both deteriorate. Which feature distinguishes MODS from a localized response?|Dysfunction in multiple organ systems~The supplied threshold is dysfunction of at least two organ systems.|Inflammation at the original injury site~This can remain localized without MODS.|Activation of the clotting cascade~Activation alone does not establish multiple organ dysfunction.|An increase in circulating mediators~Mediator elevation alone does not establish the functional threshold.
48|burns|B|feeding-purpose|48:55|Early enteral feeding is included in the supplied major-burn treatment plan. Which complication is it intended to reduce?|Gut-mediated sepsis~The deck links early enteral feeding with reduced potential for gut-mediated sepsis.|Pressure from circumferential eschar~This is the pressure-release concern rather than the feeding purpose.|Loss of cutaneous nerve endings~Feeding does not reverse the destroyed sensory structures.|Immediate airway obstruction from edema~The deck addresses this with airway management rather than the feeding mechanism.
48|shock|B|sepsis-cause|48:22,24|An infection triggers complement, coagulation and kinin activation with low vascular resistance and impaired tissue perfusion. Which shock mechanism fits?|Septic~Infection initiates the inflammatory maldistribution described.|Cardiogenic~This centers on pump dysfunction.|Neurogenic~This centers on altered autonomic vascular tone.|Hypovolemic from hemorrhage~This centers on loss of blood rather than infection-triggered inflammation.
48|mods|C|reperfusion|48:36|After ischemic tissue is reperfused, reactive oxygen products cause additional damage. Which process accounts for this deterioration?|Reperfusion injury~The source describes injury when blood flow is reestablished.|Persistent vascular obstruction~Flow has been restored; the deterioration follows that restoration.|Primary loss of circulating volume~The stated injury comes from reactive oxygen products after return of flow.|Isolated vasomotor failure~The defining trigger is reperfusion rather than isolated loss of vascular tone.
48|burns|C|fluid-mechanism|48:46,48,54|Why does major burn care replace circulating fluid even when tissue edema is visible?|Edema can coexist with intravascular depletion~Fluid shifts and loss create hypovolemia despite tissue swelling.|Edema proves circulating volume is excessive~Tissue fluid does not prove adequate intravascular volume.|Infused fluid must increase capillary permeability~That claim in the released answer is contradicted by the deck's replacement mechanism.|Burned skin prevents evaporative water loss~The deck states that evaporative losses increase.
49|perfusion|p|normal-pressure|49:5,6,18|A child has poor peripheral perfusion but an age-appropriate systolic pressure. Which category remains possible?|Compensated shock~Poor perfusion can occur before hypotension.|Hypotensive shock~Hypotensive shock requires reduced systolic pressure.|Resolved shock~Poor perfusion persists, so shock cannot be called resolved.|Uncomplicated local inflammation~The systemic perfusion deficit exceeds a local inflammatory description.
49|perfusion|p|bradycardia|49:17|A severely ill child's heart rate slows as perfusion worsens. Which common cause should be considered from the supplied assessment slide?|Hypoxia~The deck identifies hypoxia as the most common cause of pediatric bradycardia.|Hypervolemia~Excess volume is not the most common cause named in the assessment slide.|Peripheral vasodilation~Vasodilation concerns vascular tone, not the stated common cause of bradycardia.|Increased oxygen demand alone~The source identifies deficient oxygenation, not demand alone.
49|mechanisms|p|obstruction|49:11,37,38,39|Cardiac tamponade mechanically impedes filling and lowers cardiac output. Which shock category fits?|Obstructive~An impediment to flow into or through the heart defines this category.|Distributive~This concerns maldistribution and vascular tone/permeability.|Hypovolemic~This centers on inadequate circulating volume relative to space.|Neurogenic~This is loss of vasomotor tone after CNS injury.
49|mechanisms|p|compensation|49:25,26|A dehydrated child activates the renin-angiotensin-aldosterone system. What compensatory renal response is expected?|Sodium and water retention~This is the response listed in the deck.|Sodium and water excretion~Both directions oppose volume conservation.|Sodium retention with water excretion~The source retains water as well as sodium.|Water retention with sodium excretion~The source retains sodium as well as water.
49|burns|p|surface-ratio|49:46,53|Why can a child need proportionately more fluid after a burn than an adult?|Greater surface area relative to weight~This increases evaporative losses per unit weight.|Smaller surface area relative to weight~This reverses the supplied relationship.|More mature renal conservation~Young children have immature renal function.|Lower evaporative loss per unit weight~This reverses the supplied effect.
49|burns|p|small-airway|49:50,51|A small degree of airway edema causes substantial work of breathing after a pediatric burn. Which feature adds vulnerability?|Soft airway cartilage prone to collapse~The source identifies this pediatric airway vulnerability.|Rigid cartilage resistant to collapse~This reverses the supplied feature.|A rib cage that cannot deform~The source describes increased pliability.|Greater respiratory reserve~The packet describes faster fatigue and desaturation instead.
49|perfusion|A|lactate-meaning|49:21,23N|In the supplied shock assessment, rising lactate is used as an indicator of which process?|Systemic hypoperfusion~The deck uses rising lactate as an indicator of impaired systemic perfusion; its disputed numerical units are not used.|Airway thermal injury~The packet assesses inhalation injury separately; lactate is used here to evaluate systemic perfusion.|Circulating volume excess~Visible fluid accumulation and circulating volume are separate considerations; lactate is a perfusion indicator in this source.|Primary glucose depletion~Glucose needs and glycogen stores are a separate pediatric metabolic consideration; lactate is used here as a perfusion indicator.
49|mechanisms|A|cold-shock|49:33|A child with septic shock has cold skin, prolonged refill and weak peripheral pulses. Which supplied hemodynamic pattern fits?|Peripheral vasoconstriction~These are the cold-shock findings.|Peripheral vasodilation~This is the warm-shock pattern with bounding pulses.|Raised circulating volume~These findings do not establish excess circulating volume.|Increased capillary oxygen delivery~Delayed refill and weak pulses do not indicate improved peripheral delivery.
49|burns|B|vascular-access|49:52,55N|Venous access fails during resuscitation of a young child with burns. Which supplied alternative can deliver fluids to the circulation?|Intraosseous infusion~The supplied alternative reaches systemic veins through marrow channels.|Intramuscular injection~This is not the supplied rapid route for fluid resuscitation.|Subcutaneous infusion~This is not the supplied alternate vascular-access route.|Enteral fluid delivery~This does not provide the required direct route to the circulation.
49|perfusion|B|infant-reserve|49:22,26|Why does a young infant have limited metabolic reserve during severe illness?|High glucose needs with low glycogen stores~The deck describes rapid depletion during stress.|Low glucose needs with high glycogen stores~This reverses both the high demand and limited stores.|High glucose needs with high glycogen stores~High stores contradict the limited glycogen reserve described.|Low glucose needs with low glycogen stores~Glucose demand is high, not low.
49|mechanisms|C|neurogenic-heart-rate|49:35,69N|After severe spinal injury, a child is hypotensive without compensatory tachycardia. Which loss explains the missing heart-rate response?|Loss of sympathetic tone~The notes link loss of sympathetic tone with absent compensatory tachycardia.|Loss of parasympathetic tone~The source identifies loss of sympathetic, not parasympathetic, tone.|Reduced circulating volume~Volume loss can occur in other shock states; it does not explain absent autonomic compensation here.|Increased capillary permeability~Permeability change is not the source of the absent sympathetic response.
49|burns|C|growing-scar|49:63,65,66|A burn wound has closed, but a child later develops restricted joint movement while growing. Which continuing need does the packet emphasize?|Scar and contracture rehabilitation~Growth can expose functional limitations requiring prolonged rehabilitation.|Repeat acute volume resuscitation~The wound is closed and the issue is growth-related mobility, not acute volume loss.|Escalation of inhalation-injury support~The finding is joint restriction, not a new pulmonary deficit.|Correction of acute capillary leak~The described phase is scar maturation rather than acute vascular leakage.
