# chapter|concept|pool|slug|slides|stem|correct;distractor;distractor;distractor|rationale1;rationale2;rationale3;rationale4
40|motility|practice|mix|40:46|Chyme repeatedly contacts the same intestinal mucosal region without much forward travel. Which movement is doing most of this work?|Segmentation;Peristalsis;Gastric emptying;Defecation|Localized circular contractions mix chyme;Peristalsis propels chyme along the intestine;Emptying transfers stomach contents to duodenum;Defecation expels rectal contents
40|motility|practice|brake|40:23-24,52|A fatty meal empties slowly enough for bile and enzymes to keep pace. Which signal supplies the described feedback?|Cholecystokinin;Motilin;Epinephrine;Gastrin|CCK slows emptying during fat digestion;Motilin enhances gastric peristalsis;Epinephrine is listed as inhibiting the gastrocolic reflex;Gastrin enhances gastric peristalsis
40|motility|A|ileum|40:47,51-53|A distended ileum sends a signal that inhibits gastric motility. Which reflex explains this response?|Ileogastric;Gastroileal;Gastrocolic;Rectosphincteric|Ileal distention inhibits stomach movement;Gastroileal activity promotes ileal emptying;Gastrocolic activity promotes colonic propulsion;Rectosphincteric activity helps initiate defecation
40|motility|B|duodenum|40:24|A meal reaches the duodenum faster than its fat can be digested. Which gastric change would give intestinal processing more time?|Slower emptying;Faster emptying;Greater propulsion;Less retention|Slower emptying allows bile and enzymes to process fat;Faster delivery would reduce processing time;Greater propulsion would accelerate delivery;Less retention would move material into the duodenum sooner
40|motility|C|colon|40:50,53|Rectal distention produces an urge to defecate. Which structure relaxes as part of the supplied reflex?|Internal anal sphincter;External anal sphincter;Ileocecal valve;Pyloric sphincter|Stretch relaxes the tonically constricted internal sphincter;External sphincter allows voluntary control;Ileocecal valve regulates ileum-to-cecum passage;Pyloric sphincter regulates gastric exit
40|secretions|practice|b12|40:25-30|Loss of a gastric secretion impairs ileal vitamin B12 absorption. Which secretion is missing?|Intrinsic factor;Gastroferrin;Pepsinogen;Somatostatin|Intrinsic factor combines with B12 for ileal absorption;Gastroferrin supports iron absorption;Pepsinogen is a protein-digesting enzyme precursor;Somatostatin inhibits acid secretion
40|secretions|practice|barrier|40:14,25-30|Gastric mucosa must remain protected while acid is present in the lumen. Which combination supports its barrier?|Mucus and prostaglandins;Pepsin and gastrin;Histamine and acid;Gastroferrin and amylase|Mucus and prostaglandins protect the barrier;Pepsin digests protein and gastrin promotes secretion;Histamine promotes acid rather than forming the barrier;Gastroferrin and amylase have absorption/digestion roles
40|secretions|A|chief|40:26,29|A gastric chief cell releases its product into an acidic lumen. Which digestive task follows activation of that product?|Protein breakdown;Starch breakdown;Fat emulsification;B12 transport|Chief-cell pepsinogen becomes protein-digesting pepsin;Amylase handles starch;Bile salts emulsify fat;Intrinsic factor supports B12 absorption
40|secretions|B|acid-brake|40:26,28|An increase in D-cell output changes gastric secretion. Which response is expected?|Reduced acid secretion;Increased acid secretion;Reduced intrinsic-factor binding;Increased pepsinogen activation|D cells release acid-inhibiting somatostatin;This reverses the supplied somatostatin effect;Intrinsic factor is not the stated D-cell target;Increased acid-driven activation does not follow acid inhibition
40|secretions|C|alkaline|40:29|Protein digestion begun by gastric pepsin does not continue through the same enzyme in the duodenum. What explains the change?|Alkaline inactivation;Acidic inactivation;Bile-mediated activation;Intrinsic-factor binding|The alkaline duodenal environment inactivates pepsin;Acid supports gastric pepsin activation rather than normal shutdown;Bile emulsifies fat and is not the stated pepsin switch;Intrinsic factor binds B12 rather than inactivating pepsin
40|absorption|practice|portal|40:38|Absorbed amino acids leave an intestinal villus. Which route carries them toward the liver first?|Capillaries then portal blood;Lacteals then lymph;Bile ducts then gallbladder;Pancreatic ducts then duodenum|Amino acids enter villus capillaries and portal blood;Lacteals are the route for absorbed lipid particles;Bile drainage is not the route of absorbed amino acids;Pancreatic ducts carry secretions toward the lumen
40|absorption|practice|surface|40:34-36|A biopsy shows loss of villi and microvilli. Which function is directly reduced by the lost geometry?|Area available for absorption;Rate of gastric emptying;Extent of bile conjugation;Pressure at the ileal valve|Villi and microvilli enlarge absorptive area;Their geometry does not set the gastric emptying rate;Their loss does not directly alter hepatic conjugation;They are absorptive structures rather than the ileocecal valve
40|absorption|A|emulsify|40:42-43,62|Bile salts divide a lipid load into small stable droplets before lipase acts. Which process is being supported?|Emulsification;Conjugation;Deamination;Peristalsis|Emulsification keeps smaller fat droplets from reforming;Conjugation describes hepatic bilirubin processing here;Deamination concerns amino acid nitrogen removal;Peristalsis propels intestinal contents
40|absorption|B|enzyme-bond|40:41|Two pancreatic proteases cleave internal bonds of large protein molecules. Which pair is identified in the packet?|Trypsin and chymotrypsin;Trypsin and amylase;Chymotrypsin and lipase;Lipase and amylase|Both enzymes are named endopeptidases;Amylase digests carbohydrate rather than internal protein bonds;Lipase acts on lipids rather than internal protein bonds;Neither enzyme in this pair is the specified endopeptidase
40|absorption|C|bile-deficit|41:58-59;40:69|Impaired bile delivery produces fat malabsorption and a prolonged prothrombin time. Which listed vitamin deficiency best connects these findings?|Vitamin K;Vitamin A;Vitamin D;Vitamin E|K deficiency is linked to prolonged prothrombin time;A deficiency is linked to night blindness;D deficiency is linked to calcium/bone effects;E deficiency is linked to neurologic effects in children
40|liver|practice|bilirubin-solubility|40:64-65|Which change follows hepatic conjugation of bilirubin?|Greater water solubility;Greater lipid solubility;Greater albumin requirement;Greater intestinal reconjugation|Conjugation makes bilirubin water soluble;Lipid solubility characterizes the unconjugated form;Albumin transport characterizes delivery before conjugation;The source describes intestinal reduction rather than increased reconjugation
40|liver|practice|bile-storage|40:62,71|Bile is needed during a meal after being concentrated between meals. Which organ provided this storage function?|Gallbladder;Exocrine pancreas;Stomach;Jejunum|Gallbladder stores and concentrates bile;Pancreas supplies enzymes and alkaline fluid;Stomach stores food and gastric juices;Jejunum participates in nutrient absorption
40|liver|A|matrix-injury|40:59,65|Liver injury activates cells that become contractile myofibroblasts and contribute to fibrosis. Which cell population is involved?|Stellate cells;Kupffer cells;Hepatocytes;Bile-duct epithelial cells|Stellate cells can transform into fibrogenic myofibroblasts;Kupffer cells provide phagocytic activity;Hepatocytes perform the supplied metabolic functions;Duct epithelium is not the identified fibrogenic population
40|liver|B|laboratory-leak|40:76|A damaged hepatocyte releases cytoplasmic enzymes into circulation. Which laboratory pattern follows?|Elevated aminotransferases;Reduced aminotransferases;Elevated serum albumin;Reduced prothrombin time|Damaged hepatocytes release aminotransferases;A reduction reverses the stated leakage effect;Albumin reflects synthesis rather than leakage of cytoplasmic enzymes;Prothrombin time reflects clotting function rather than this enzyme release
40|liver|C|conjugation-failure|40:64-65|Most bilirubin entering the hepatic pathway comes from breakdown of which source?|Aged red blood cells;Absorbed dietary fats;Recycled bile salts;Deaminated amino acids|The source identifies breakdown of aged red cells as the main origin;Dietary fats undergo digestion and absorption rather than this pigment pathway;Bile salts are recycled digestive products rather than the pigment source;Amino acid deamination is a separate hepatic process
40|structure|practice|sphincter|40:15,21,32,50|A barrier fails and allows gastric contents to return to the esophagus. Which structure normally prevents this movement?|Lower esophageal sphincter;Upper esophageal sphincter;Pyloric sphincter;Ileocecal valve|The lower sphincter prevents regurgitation from stomach;The upper sphincter prevents air entry during respiration;The pylorus regulates stomach-to-duodenum passage;The ileocecal valve regulates small-to-large bowel passage
40|structure|practice|intestinal-defense|40:14,55|Salivary components serve different roles before material reaches the stomach. Which pairing correctly distinguishes enzymatic digestion from antibody defense?|Amylase digestion and IgA defense;IgA digestion and amylase defense;Mucus digestion and amylase defense;Amylase digestion and gastrin defense|Amylase starts starch digestion and IgA contributes antibody defense;This reverses the enzyme and antibody roles;Mucus is not the starch-digesting enzyme and amylase is not an antibody;Gastrin is a regulatory signal rather than a salivary antibody
40|structure|A|ileal-gate|40:32,50|After chyme reaches the cecum, which structure limits reflux into the small intestine?|Ileocecal valve;Pyloric sphincter;Lower esophageal sphincter;Internal anal sphincter|The ileocecal valve separates ileum and cecum;Pylorus separates stomach and duodenum;LES separates stomach and esophagus;Internal anal sphincter acts at the anal canal
40|structure|B|stomach-absorption|40:22,39-43|Which substance is specifically listed as capable of absorption through the stomach?|Alcohol;Intact protein;Cellulose;Chylomicrons|Alcohol is named among the few stomach-absorbed substances;Major protein digestion products are absorbed in small intestine;Humans lack cellulose-digesting enzymes in this packet;Chylomicrons enter intestinal lacteals
40|structure|C|scope-visualization|40:74-75|A clinician needs direct visualization of the GI lining plus a tissue sample. Which supplied procedure offers both?|Fiberoptic endoscopy;Contrast radiography;Ultrasonic scanning;Computed tomography|Endoscopy directly visualizes and has a biopsy channel;Contrast outlines structures without the described sampling channel;Ultrasound detects masses and gallstones;CT images lesions but is not the described direct-view biopsy procedure
41|flow|practice|functional|41:33-38|After surgery, bowel contents stop moving even though no blocking lesion is found. Which process best fits?|Paralytic ileus;Fibrous adhesion;Volvulus;Colorectal mass|Ileus is functional failure of motility;Adhesion is a structural cause;Volvulus twists the bowel;A mass creates a structural obstruction
41|flow|practice|level|41:36;41:33|An obstruction produces early profuse vomiting of clear gastric fluid. Which location best matches the supplied pattern?|Pylorus;Proximal small intestine;Distal small intestine;Large intestine|Pyloric obstruction produces early clear gastric vomiting;Proximal small-bowel vomiting is bile stained;More distal obstruction gives greater distention and later vomiting;Large-bowel obstruction emphasizes hypogastric pain and distention
41|flow|A|strangulation|41:34|A bowel obstruction is complete and the bowel is strangulated. Which supplied intervention takes priority?|Immediate surgical intervention;Routine colonic decompression;Laparoscopic adhesion management;Stenting of a malignant lesion|The packet identifies immediate surgery for strangulation and complete obstruction;Decompression is listed for pseudo-obstruction;Adhesion procedures address a specified cause without replacing urgent management of strangulation;Stenting is listed for malignant obstruction rather than this emergency
41|flow|B|adhesions|41:38|A patient with small-intestinal obstruction is being evaluated for the most common cause listed in the packet. Which cause leads the list?|Fibrous adhesions;Colorectal cancer;Diverticular stricture;Acute colonic pseudo-obstruction|Adhesions are the supplied common small-bowel cause;Colorectal cancer is listed for large bowel;Diverticular strictures are listed for large bowel;Pseudo-obstruction is functional large-bowel dilation
41|flow|C|distal-distention|41:36|Compared with a proximal small-bowel obstruction, a lower small-bowel obstruction produces more distention. What explains the difference?|A longer segment collects contents;A shorter segment collects contents;The obstruction speeds propulsion;The obstruction reduces accumulation|More proximal bowel is available to accumulate contents;This reverses the source explanation for greater distention;Obstruction impedes passage rather than restoring propulsion;Greater distention reflects accumulation rather than its reduction
41|gastric|practice|emptying-loss|41:53-54;41:26,57;40:51|After gastric surgery, a patient has cramping and diarrhea soon after meals. Which lost function best explains early dumping?|Controlled gastric emptying;Intestinal lactose digestion;Esophageal sphincter closure;Colonic stool propulsion|Loss of reservoir/emptying control permits rapid hypertonic delivery;Lactase deficiency creates carbohydrate maldigestion rather than the postoperative delivery defect;LES failure explains reflux rather than dumping;Colonic propulsion does not explain rapid entry from the operated stomach
41|gastric|practice|autoimmune-anemia|41:42;40:30;40:63,73;42:58|Autoantibodies damage gastric parietal cells and intrinsic factor. Which consequence is directly supported?|Impaired B12 absorption;Impaired lactose digestion;Impaired fat emulsification;Impaired pancreatic proteolysis|Intrinsic factor loss impairs B12 uptake;Lactase is not the missing gastric secretion;Fat emulsification depends on bile rather than intrinsic factor;Pancreatic proteases are not the targeted gastric secretion
41|gastric|A|meal-strategy|41:54|Which change follows the supplied dietary approach to dumping syndrome?|Fluids between meals;Large carbohydrate meals;Fluids only with meals;One large daily meal|Between-meal fluids accompany small frequent meals;High carbohydrate large meals oppose the supplied plan;The source separates fluids from meals;A single large meal opposes the small-meal strategy
41|gastric|B|reflux-pressure|41:26-27|GERD worsens during activities that raise abdominal pressure. Which additional abnormality permits reflux in the supplied mechanism?|Low resting LES tone;High resting LES tone;Excess pyloric resistance;Reduced ileocecal resistance|Low LES pressure weakens the barrier to reflux;High LES tone is opposite to the described defect;The pylorus is not the esophagus-stomach barrier;The ileocecal valve is distal to the reflux site
41|gastric|C|ulcer-barrier|41:50|A gastric ulcer develops even though acid secretion is normal or lower than normal. Which primary defect explains this?|Increased mucosal hydrogen permeability;Reduced mucosal hydrogen permeability;Increased protective mucus production;Increased mucosal barrier integrity|Increased permeability permits hydrogen to injure the gastric wall;Reduced permeability would strengthen exclusion of acid;Greater protection does not explain the stated barrier defect;Greater integrity reverses the supplied ulcer mechanism
41|intestinal|practice|osmotic|41:17,57|Unabsorbed lactose remains in the lumen and draws water toward it. Which diarrhea mechanism explains the fluid movement?|Osmotic;Secretory;Motility;Obstructive|A nonabsorbed solute draws water by osmosis;Secretory diarrhea involves mucosal ion/fluid transport;Motility diarrhea shortens absorption time;A blocking lesion does not name this transport mechanism
41|intestinal|practice|lesion-depth|41:61,64-65;41:57,68|A bowel specimen shows separated inflamed areas, deep ulcers and fistulas. Which disorder best fits this pattern?|Crohn disease;Ulcerative colitis;Irritable bowel syndrome;Lactase deficiency|Skip lesions and deep penetration support Crohn disease;UC is continuous and mucosa-limited in the packet;IBS lacks a specific structural lesion;Lactase deficiency is an enzyme defect
41|intestinal|A|secretory-transport|41:17|Diarrhea follows excessive mucosal chloride-rich secretion despite no stated nonabsorbable solute load. Which mechanism fits?|Secretory;Osmotic;Motility;Mechanical obstruction|Excess ion-rich fluid secretion defines this category;Osmotic requires a nonabsorbed substance;Motility reduces contact time;Obstruction prevents flow rather than naming secretion
41|intestinal|B|diverticula|41:38,68-72|Previously asymptomatic colonic outpouchings become painful with fever and leukocytosis. Which change has occurred?|Diverticulitis;Diverticulosis;Irritable bowel syndrome;Colonic pseudo-obstruction|Inflamed diverticula produce the stated systemic signs;Diverticulosis alone names the outpouchings;IBS does not explain inflammation of existing diverticula;Pseudo-obstruction is dilation without this inflammatory lesion
41|intestinal|C|digest-v-absorb|41:55-56|Nutrients remain poorly digested because pancreatic enzymes are insufficient. Which failure precedes transport across the mucosa?|Maldigestion;Malabsorption;Dysphagia;Defecation failure|Maldigestion is failed chemical processing;Malabsorption is failed transport of digested nutrients;Dysphagia is difficulty swallowing;Defecation concerns waste elimination
41|hepatic|practice|collaterals|41:76-78|Portal resistance rises and collateral veins in the lower esophagus enlarge. Which complication is the immediate concern if these veins rupture?|Acute hemorrhage;Bowel perforation;Biliary obstruction;Pancreatic autodigestion|Ruptured varices produce severe bleeding;Perforation is a bowel-wall complication rather than venous rupture;Biliary obstruction concerns bile flow rather than enlarged veins;Autodigestion concerns pancreatic enzyme injury
41|hepatic|practice|ascites|41:81-85;40:76|A patient with cirrhosis develops increasing abdominal girth and peritoneal fluid. Which measurement is identified as a specific diagnostic indicator?|Serum-ascites albumin gradient;Serum aminotransferase concentration;Serum bilirubin concentration;Prothrombin clotting time|SAAG is specifically identified for ascites diagnosis;Aminotransferases assess hepatocellular injury rather than the fluid gradient;Bilirubin evaluates pigment handling rather than the named gradient;Clotting time does not measure the albumin difference
41|hepatic|A|encephalopathy|41:86|A person with advanced liver dysfunction becomes confused and develops a flapping tremor. Which complication fits?|Hepatic encephalopathy;Acute viral hepatitis;Obstructive jaundice;Uncomplicated cholelithiasis|Confusion and asterixis support hepatic encephalopathy;The neurologic syndrome is more specific than a viral cause of liver inflammation;Obstructive jaundice describes impaired bile drainage;Gallstones alone do not account for this neurologic cluster
41|hepatic|B|alcohol-reversibility|41:96-98|Which alcohol-associated liver state is specifically described as reversible when drinking stops?|Steatosis;Established fibrosis;Biliary obstruction;Hepatic necrosis|Steatosis is the mild reversible state in the packet;Fibrosis is not the named reversible state;Obstruction is a different mechanism;Necrosis is not the supplied reversible fatty change
41|hepatic|C|spleen|41:77|Portal hypertension produces splenomegaly and reduced circulating platelets. Which manifestation follows from the platelet deficit?|Increased bleeding tendency;Increased clot formation;Reduced bilirubin clearance;Reduced fat absorption|Thrombocytopenia increases bleeding risk;Fewer platelets do not support the proposed increased clotting;Bilirubin clearance is a different liver function;Fat absorption depends on digestive processing rather than platelet count
41|accessory|practice|viral-dependency|41:103-106|Which hepatitis virus depends on another hepatitis virus for replication?|Hepatitis D;Hepatitis A;Hepatitis C;Hepatitis E|HDV depends on HBV;HAV is described with fecal-oral transmission;HCV has no stated HBV replication dependency;HEV is described with fecal-oral transmission
41|accessory|practice|autodigestion|41:113-114|Pancreatic enzymes leak into pancreatic tissue after duct or cell injury. Which process accounts for local damage?|Enzymatic tissue digestion;Reduced enzyme synthesis;Impaired lipid emulsification;Reduced intestinal absorption|Escaped enzymes digest pancreatic tissue;Reduced synthesis is an insufficiency mechanism rather than active tissue destruction;Emulsification depends on bile in the intestine;Impaired absorption is a downstream problem rather than the local destructive mechanism
41|accessory|A|viral-route|41:103-106|A hepatitis exposure is linked to contaminated food and fecal-oral spread. Which listed infection fits this route?|Hepatitis A;Hepatitis B;Hepatitis C;Hepatitis D|HAV is explicitly fecal-oral;HBV is described with parenteral and sexual spread;HCV is associated with blood exposure;HDV requires HBV rather than being the named foodborne route
41|accessory|B|stone-inflammation|41:110-112|Biliary symptoms are joined by fever, leukocytosis and guarding. Which term identifies inflammation of the gallbladder?|Cholecystitis;Cholelithiasis;Cholangitis;Pancreatitis|Cholecystitis is gallbladder inflammation;Cholelithiasis names stone formation;Cholangitis involves bile ducts rather than the named organ;Pancreatitis involves pancreatic tissue
41|accessory|C|lipase-marker|41:114;40:76;40:78|Acute epigastric pain raises concern for pancreatic injury. Which marker is identified as primary in the supplied acute-pancreatitis slide?|Serum lipase;Serum amylase;Serum aminotransferases;Serum alkaline phosphatase|Slide114 identifies lipase as the primary marker;Amylase is included in pancreatic evaluation but is not the primary marker named on slide114;Aminotransferases concern hepatocyte injury;Alkaline phosphatase is not the named primary pancreatic marker
42|obstruction|practice|pylorus|42:12-15|Repeated projectile vomiting is traced to an enlarged pyloric circular muscle. What happens to the lumen?|The outlet narrows;The outlet widens;The outlet loses muscle;The outlet drains faster|Muscle hypertrophy encroaches on the lumen;Widening reverses the supplied mechanism;The muscle enlarges rather than disappears;A narrowed outlet impedes drainage
42|obstruction|practice|telescoping|42:31-32|An invaginated bowel segment constricts its mesentery. Which event begins the supplied vascular sequence?|Obstructed venous return;Obstructed bile drainage;Increased arterial perfusion;Increased lymphatic clearance|Mesenteric constriction first impairs venous return;Bile drainage is not the compressed mesenteric route;The supplied sequence threatens perfusion rather than improving it;Stasis and edema oppose improved clearance
42|obstruction|A|preoperative|42:14-15|Before pyloromyotomy, an infant has lost fluids and electrolytes through vomiting. What does the supplied treatment sequence address first?|Correct fluid and electrolyte losses;Begin unrestricted oral feeding;Operate before replacing losses;Delay treatment until weight increases|The source manages fluid and electrolytes before pyloromyotomy;Full feeding does not correct the preoperative loss sequence;This reverses the stated stabilization sequence;Weight gain is not the stated prerequisite for treating the obstruction
42|obstruction|B|malrotation|42:18-21;42:17,24,31|An infant's bowel has an abnormal attachment after failed rotation and then twists. What is this twisting called?|Volvulus;Intussusception;Atresia;Hirschsprung disease|Volvulus is twisting associated with poor fixation;Intussusception is telescoping;Atresia is absence/closure of a lumen;Hirschsprung involves failed neural crest migration
42|obstruction|C|aganglionic|42:24;42:12,26,64|Delayed meconium passage and abdominal distention accompany failure of neural crest cells to reach the bowel. Which disorder is described?|Hirschsprung disease;Pyloric stenosis;Meckel diverticulum;Biliary atresia|Failed migration underlies the supplied colonic obstruction;Pyloric stenosis enlarges outlet muscle;Meckel involves persistent embryonic duct tissue;Biliary atresia obstructs bile drainage
42|mucosa|practice|villous-loss|42:37-41|A child with celiac disease has ongoing epithelial injury. Which tissue change links the immune process to poor nutrient absorption?|Flattening of villous projections;Hypertrophy of pyloric muscle;Thickening of pancreatic mucus;Failure of colonic innervation|Villous loss removes absorptive surface;This is pyloric stenosis rather than celiac epithelial injury;This is the pancreatic CF mechanism;This is the Hirschsprung mechanism rather than the mucosal lesion
42|mucosa|practice|secondary-lactose|42:41,58;40:14,73|After intestinal villous injury, milk sugar causes bloating and diarrhea. Which deficit best explains the additional intolerance?|Intestinal lactase activity;Pancreatic lipase activity;Pancreatic trypsin activity;Salivary amylase activity|Lactase digests lactose at the injured intestinal surface;Lipase digests lipid;Trypsin digests protein;Amylase begins starch digestion rather than lactose breakdown
42|mucosa|A|biopsy|42:40;42:36|Serology suggests gluten-sensitive enteropathy. Which procedure directly demonstrates the classic mucosal changes named in the packet?|Duodenal tissue biopsy;Serum IgA antibody assay;Stool-fat measurement;HLA haplotype testing|Biopsy directly displays the mucosal lesion;Antibodies support evaluation but do not display tissue structure;Fecal fat measures a functional consequence rather than villous anatomy;HLA typing identifies the associated genetic background rather than mucosal morphology
42|mucosa|B|diet-duration|42:41|A parent asks how long the supplied celiac dietary treatment continues. Which instruction matches the packet?|Permanent gluten exclusion;Gluten exclusion until stools normalize;Gluten exclusion only during fever;Gluten exclusion for one week|The packet says immediately and permanently gluten free;Symptom improvement is not the stated stopping point;Fever is not the stated treatment boundary;A one-week course is not supplied
42|mucosa|C|temporary-lactose|42:41|A child avoids lactose during healing from celiac villous injury. Which later step is specifically allowed in the packet?|Reintroduce lactose after healing;Reintroduce gluten after healing;Reintroduce both after healing;Continue excluding both permanently|The source permits lactose reintroduction after healing;Gluten avoidance remains permanent;This incorrectly removes the permanent gluten restriction;The packet allows reconsideration of lactose rather than permanent exclusion of both
42|pancreas|practice|duct-mucus|42:34-35|In cystic fibrosis, pancreatic ducts are blocked by thick mucus. What directly reduces digestion in the intestinal lumen?|Reduced enzyme delivery;Increased enzyme delivery;Reduced luminal enzyme need;Increased pancreatic drainage|Obstruction prevents normal enzyme delivery;This reverses the effect of a blocked duct;Digestive requirements remain despite reduced secretion delivery;Thick mucus impedes rather than improves drainage
42|pancreas|practice|growth-support|42:36|A child with pancreatic insufficiency from cystic fibrosis needs the supplied nutrition plan. Which approach is listed?|High-calorie high-protein intake;Low-calorie low-protein intake;Protein-free frequent meals;Fat-soluble vitamin avoidance|The slide lists high calories/protein and supplements;Restriction opposes the supplied growth support;Protein elimination opposes the plan;Vitamin supplements are included rather than universally avoided
42|pancreas|A|beta-cells|42:35;42:58,64;41:53|Progressive pancreatic damage in cystic fibrosis extends to beta cells. Which complication is identified?|Diabetes mellitus;Lactose intolerance;Dumping syndrome;Biliary atresia|Beta-cell destruction can impair glucose regulation and produce diabetes;Lactose intolerance reflects intestinal lactase deficiency;Dumping follows altered gastric delivery;Biliary atresia is a bile-duct defect
42|pancreas|B|fecal-function|42:36;42:40|Which supplied test assesses the extent of pancreatic digestive dysfunction in a child with cystic fibrosis?|72-hour fecal fat measurement;Serum IgA antibody testing;Duodenal villous biopsy;HLA haplotype testing|Fecal fat quantifies the supplied pancreatic digestive dysfunction;IgA tests belong to celiac evaluation;Villous biopsy assesses mucosal injury rather than the specified pancreatic function test;HLA typing is not the supplied measure of pancreatic digestive output
42|pancreas|C|distal-plug|42:25;42:9,26,64|A child with cystic fibrosis becomes dehydrated and develops thick impacted intestinal contents. Which named complication matches?|Distal intestinal obstruction syndrome;Congenital esophageal atresia;Meckel diverticulum;Biliary atresia|DIOS is associated with thick contents and dehydration;Esophageal atresia is a blind-ended congenital esophagus;Meckel is a remnant of an embryonic duct;Biliary atresia affects bile drainage
42|fluid-reflux|practice|reserve|42:55-57|Why does prolonged diarrhea threaten an infant more quickly than an adult in the supplied explanation?|Smaller fluid reserves;Larger fluid reserves;Lower fluid requirements;Less relative fluid loss|The source emphasizes smaller reserves in children;This reverses the stated vulnerability;The packet does not attribute vulnerability to reduced requirements;The mechanism concerns greater vulnerability to loss rather than less loss
42|fluid-reflux|practice|normal-v-injury|42:28|Which finding distinguishes concerning persistent reflux from uncomplicated newborn reflux in the packet?|Failure to thrive;Immature sphincter control;Brief return of stomach contents;Spontaneous resolution with growth|Poor growth is among persistent reflux complications;Immature control explains common newborn reflux;Return alone is the basic reflux event;Resolution with maturation describes the less concerning course
42|fluid-reflux|A|rehydration|42:57|A child is receiving care for acute infectious diarrhea. Which pair matches the supplied central treatment priorities?|Replace fluids and maintain nutrition;Withhold fluids and maintain nutrition;Replace fluids and stop nutrition;Withhold fluids and stop nutrition|The slide emphasizes both rehydration and nutrition;Withholding fluid opposes rehydration;Stopping nutrition opposes the listed priority;Both parts oppose the listed priorities
42|fluid-reflux|B|necrotizing|42:51-54|Reduced mucosal perfusion and an immature barrier permit inflammation and bowel necrosis in a newborn. Which condition is described?|Necrotizing enterocolitis;Primary lactose intolerance;Celiac disease;Meconium plug syndrome|The supplied NEC mechanism includes ischemia and immature barrier;Lactose intolerance is an enzyme deficiency;Celiac disease is gluten-triggered epithelial injury;Meconium plug is a luminal obstruction
42|fluid-reflux|C|decompress|42:54|A newborn with necrotizing enterocolitis has feeds stopped. Why is gastric suction added in the supplied plan?|Remove accumulated luminal contents;Restore epithelial lactase activity;Increase delivery of enteral nutrients;Replace circulating fluid losses|Gastric suction decompresses the intestinal tract;Suction does not restore the digestive enzyme;Enteral feeding is withheld in this plan;Fluid replacement is a separate intervention rather than suction
42|pediatric-liver|practice|location|42:70-73|A child has portal hypertension from obstruction of the portal vein. Which alternative finding would instead place the cause inside the liver?|Congenital hepatic fibrosis;Umbilical vein catheterization;Pancreatic inflammation;Portal-vein obstruction|Fibrosis increases resistance within hepatic sinusoids;Catheterization is listed as an extrahepatic risk;Pancreatitis can produce extrahepatic portal hypertension;Portal-vein obstruction is the named extrahepatic cause
42|pediatric-liver|practice|fibrosis-resistance|42:69-73|Congenital hepatic fibrosis reduces sinusoidal compliance. Which circulatory change follows in the supplied notes?|Greater resistance through sinusoids;Less resistance through sinusoids;Greater sinusoidal compliance;Less portal pressure upstream|Fibrosis constricts sinusoids and raises portal resistance;This reverses the fibrotic effect;The source describes reduced compliance;Increased resistance favors higher upstream pressure rather than less
42|pediatric-liver|A|growth-consequence|42:69|Beyond complications shared with adults, which consequence is specifically emphasized for children with cirrhosis?|Delayed development;Accelerated development;Increased linear growth;Increased nutritional reserves|Growth and nutritional deficits can accompany developmental delay;Acceleration opposes the supplied developmental effect;The source emphasizes growth failure;The source emphasizes nutritional deficits
42|pediatric-liver|B|bile-atresia|42:61-69|A newborn has jaundice with absence or obstruction of extrahepatic bile ducts. Which diagnosis matches the anatomy?|Biliary atresia;Neonatal hepatitis;Physiologic jaundice;Congenital hepatic fibrosis|Absence or obstruction of extrahepatic ducts defines biliary atresia;Hepatitis is inflammation rather than absent ducts;Physiologic jaundice does not establish a duct malformation;Hepatic fibrosis is not the described extrahepatic duct defect
42|pediatric-liver|C|brain-bilirubin|42:61;41:56,83,86|Toxic unconjugated bilirubin deposits in the brain. Which named complication is described?|Kernicterus;Ascites;Steatorrhea;Asterixis|Kernicterus is chronic bilirubin encephalopathy;Ascites is peritoneal fluid;Steatorrhea is fat in stool;Asterixis is a flapping tremor rather than bilirubin deposition
43|bone-cells|practice|resorption-control|43:12-15|An increase in OPG limits the signal available to activate osteoclasts. What happens to resorption?|Resorption falls as signaling is blocked;Resorption rises as signaling is blocked;Resorption falls as activation increases;Resorption rises as activation decreases|OPG limits RANKL-mediated osteoclast activation and therefore resorption;Blocked activation does not promote resorption;Increased activation does not explain decreased resorption;Reduced activation does not explain increased resorption
43|bone-cells|practice|osteoid|43:12-14;43:36|New unmineralized matrix is being synthesized at a bone surface. Which cell performs this role?|Osteoblast;Osteoclast;Osteocyte;Chondrocyte|Osteoblasts synthesize osteoid;Osteoclasts resorb existing bone;Osteocytes coordinate maintenance;Chondrocytes form cartilage
43|bone-cells|A|rankl|43:15|RANKL signaling rises without a matching rise in its decoy receptor. Which cell activity is promoted?|Osteoclast activation;Osteoclast inhibition;Chondrocyte proliferation;Myoblast differentiation|RANKL promotes osteoclast activity;Inhibition is the OPG effect rather than unopposed RANKL;Cartilage-cell proliferation is not the identified receptor pathway;Muscle precursor differentiation is not the identified pathway
43|bone-cells|B|embedded|43:12-13;43:24,36|A matrix-forming bone cell becomes enclosed within mineralized bone and helps coordinate turnover. What is its mature identity?|Osteocyte;Osteoclast;Chondrocyte;Osteoprogenitor cell|Embedded osteoblasts mature into osteocytes;Osteoclasts resorb surfaces rather than becoming embedded osteoblasts;Chondrocytes belong to cartilage;Progenitor cells precede osteoblast differentiation
43|bone-cells|C|enzymes|43:14;43:12-13,36|A multinucleated bone cell has a ruffled border and hydrolytic enzymes. Which task suits this structure?|Removing existing mineralized matrix;Depositing unmineralized osteoid;Maintaining embedded bone cells;Producing a cartilage framework|The ruffled border and enzymes support osteoclast resorption;Osteoblasts deposit osteoid;Embedded osteocytes maintain and coordinate turnover;Cartilage formation is not the osteoclast task
43|bone-architecture|practice|trabeculae|43:22|Red marrow occupies spaces between trabeculae. Which proposed description would incorrectly assign compact-bone organization to this tissue?|Its units are Haversian systems;Its bony plates are branching;Its spaces contain marrow;Its architecture is cancellous|Haversian systems organize compact bone and are absent from spongy bone;Branching plates accurately describe trabeculae;Marrow spaces are correctly associated with this tissue;Cancellous is another name for spongy bone
43|bone-architecture|practice|repair-order|43:28|A fracture hematoma is replaced by granulation tissue before woven bone appears. Which stage is now present?|Procallus formation;Callus replacement;Final remodeling;Mineral resorption|Procallus is the granulation-tissue stage;Replacement occurs after callus formation;Final remodeling restores shape later;Resorption alone does not name this repair stage
43|bone-architecture|A|tensile|43:9,18|Which bone constituent supplies tensile strength rather than mineral rigidity?|Collagen fibers;Calcium crystals;Phosphate crystals;Interstitial water|Collagen supplies tensile strength;Crystallized minerals supply rigidity;Phosphate belongs to the mineral component;Water is not the cited tensile scaffold
43|bone-architecture|B|sequence-matrix|43:21|Before mineral crystals can accumulate during bone formation, which structure must be developed?|An osteoid framework;A synovial-fluid layer;A preexisting fracture callus;A completed Haversian canal|Organic matrix develops before mineralization;Synovial fluid serves the joint rather than a mineralization scaffold;A fracture callus is not required for all bone formation;The source does not require a completed mature canal before matrix forms
43|bone-architecture|C|growth-plate|43:25;45:8|After epiphyseal closure, which two regions have become united?|Epiphysis and metaphysis;Epiphysis and periosteum;Metaphysis and periosteum;Diaphysis and articular cartilage|Plate closure unites epiphysis with metaphysis;Periosteum is a surface covering rather than the adjoining plate region;This omits the epiphysis from the plate union;Articular cartilage is not the growth plate
43|joints|practice|pain-cartilage|43:34,36;43:11|Joint pain can arise from a richly innervated capsule even though one surface tissue lacks nerves. Which tissue is insensitive to pain?|Articular cartilage;Joint capsule;Periosteum;Tendon attachment|Articular cartilage has no nerves;Capsule is richly innervated;Periosteum contains nerves;The packet does not identify tendon attachment as the nerve-free articular surface
43|joints|practice|cell-function|43:34-35|Synovial cells remove debris from a joint cavity. Which cell type carries out the specified phagocytic role?|Type A synovial cell;Type B synovial cell;Articular chondrocyte;Subchondral osteocyte|Type A cells phagocytose debris;Type B cells synthesize hyaluronate;Chondrocytes maintain cartilage rather than the specified synovial phagocytosis;Osteocytes reside in bone rather than acting as synovial macrophages
43|joints|A|structural-v-movement|43:30,33;43:32|A joint is described as freely movable and also synovial. Which term names its movement class?|Diarthrosis;Amphiarthrosis;Synarthrosis;Synchondrosis|Diarthrosis means freely movable;Amphiarthrosis means slightly movable;Synarthrosis means immovable;Synchondrosis is a structural cartilage subtype
43|joints|B|cartilage-pad|43:32;43:31,33|Two bones are joined by a pad of fibrocartilage. Which structural category applies?|Symphysis;Synchondrosis;Synovial joint;Fibrous suture|Symphysis uses a fibrocartilage pad;Synchondrosis uses hyaline cartilage;Synovial joints have a joint cavity;Sutures are fibrous rather than fibrocartilaginous
43|joints|C|nourishment|43:35-36|Articular cartilage lacks blood vessels. Which supplied material both lubricates its surface and nourishes it?|Synovial fluid;Periosteal tissue;Subchondral marrow;Ligament collagen|Synovial fluid lubricates and nourishes avascular articular cartilage;Periosteum covers bone and is not the stated lubricant;Marrow is not the material bathing the articular surface;Ligament collagen provides connective structure rather than fluid nutrition
43|contraction|practice|calcium-return|43:53-55|Calcium is pumped back into the sarcoplasmic reticulum and cross-bridges detach. Which phase follows?|Relaxation;Excitation;Coupling;Contraction|Calcium return and detachment permit relaxation;Excitation begins with the electrical signal;Coupling makes actin available for binding;Active cross-bridges shorten the sarcomere
43|contraction|practice|channel|43:53-54|Calcium release in a skeletal-muscle fiber is impaired. Which ryanodine receptor subtype is assigned to this tissue?|RyR1;RyR2;RyR3;RyR2 and RyR3|RyR1 is the supplied skeletal calcium-release channel;RyR2 is assigned to cardiac muscle;RyR3 is assigned to other listed tissues;Neither subtype is the one assigned to skeletal muscle
43|contraction|A|sliding|43:55|Actin and myosin form cross-bridges during contraction. Which mechanical change is described?|Sarcomere shortening;Sarcomere lengthening;Loss of filament overlap;Cessation of cross-bridge cycling|Cross-bridge action draws filaments together and shortens the sarcomere;Lengthening is associated with relaxation;Contraction increases rather than removes overlap;Active contraction involves cross-bridge action rather than its cessation
43|contraction|B|coupling|43:54;43:55|Electrical excitation has released calcium. What does the supplied coupling phase enable next?|Actin binding to myosin;Calcium returning to storage;Cross-bridges separating;Sarcomeres returning to length|Released calcium allows actin to bind myosin;Calcium return belongs to relaxation;Detachment belongs to relaxation;Lengthening belongs to the relaxation phase
43|contraction|C|energy|43:56;43:49-50|Repeated cross-bridge cycling requires a continuing energy supply. Which pair is named in the packet?|ATP and phosphocreatine;Actin and myosin;Titin and nebulin;Collagen and elastin|ATP and phosphocreatine supply the cited energy support;Actin and myosin are contractile proteins rather than the named energy pair;Titin and nebulin are structural sarcomere proteins;Connective structural proteins are not the named energy supply
43|motor-control|practice|holding|43:58;43:55|A person holds a load without changing muscle length or moving the limb, while tension rises. Which contraction applies?|Isometric;Concentric;Eccentric;Relaxation|Isometric contraction increases tension without changing length;Concentric contraction shortens the muscle;Eccentric contraction lengthens it;Relaxation releases contraction rather than sustaining tension
43|motor-control|practice|recruitment|43:46,57;43:55|Force rises as additional groups of muscle fibers respond to added neural input. Which control mechanism explains this increase?|Recruitment of motor units;Lengthening of sarcomeres;Return of calcium to storage;Detachment of cross-bridges|Recruitment adds active units to increase force;Lengthening describes relaxation rather than activation of more units;Calcium return is a relaxation mechanism;Cross-bridge detachment does not describe added neural recruitment
43|motor-control|A|lengthening|43:58;43:55|A contracting muscle becomes longer while controlling a moving limb. Which dynamic pattern applies?|Eccentric;Concentric;Isometric;Relaxation|Eccentric is the lengthening form;Concentric is shortening;Isometric preserves length;Relaxation does not describe the stated active contraction
43|motor-control|B|spindle|43:46-48|A receptor sends the CNS information that a muscle has been stretched. Which receptor is identified?|Muscle spindle;Golgi tendon organ;Motor end plate;Anterior horn cell|The packet identifies muscle spindles as stretch-sensitive mechanoreceptors;Golgi tendon organs are described at tendons rather than the named spindle receptor;The motor end plate is a neuromuscular signaling site;The anterior horn cell supplies motor output rather than serving as the named muscle receptor
43|motor-control|C|unit|43:46|A lesion affects one anterior horn cell and its axon. Which functional grouping loses that shared neural supply?|Its motor unit;Its single sarcomere;Its entire muscle invariably;Its single actin filament|A motor unit includes one motor neuron and the muscle fibers it supplies;A sarcomere is a smaller contractile unit within a fiber;A muscle can contain multiple motor units;A single filament is not the neuron-and-fibers grouping
44|injury|practice|skin|44:9-10|A fracture passes completely through bone, but the overlying skin remains intact. Which paired classification fits?|Complete and closed;Complete and open;Incomplete and closed;Incomplete and open|Full-thickness break with intact skin is complete/closed;Open requires broken skin;Incomplete means some continuity remains;Both descriptors conflict with the findings
44|injury|practice|union|44:16;43:28|Months after a fracture, the ends remain separated by fibrous tissue rather than joining. Which healing problem fits?|Nonunion;Malunion;Normal remodeling;Procallus formation|Nonunion is failure of ends to grow together;Malunion is union in an abnormal position;Normal remodeling restores architecture after union;Early granulation tissue alone does not describe this persistent failure
44|injury|A|torus|44:10|A compression injury buckles a cortex without breaking it. Which fracture term fits?|Torus;Greenstick;Comminuted;Transverse|Torus buckles the cortex;Greenstick perforates one cortex;Comminuted creates multiple fragments;Transverse runs across the bone
44|injury|B|ligament|44:20;44:16|The connective tissue joining two bones is torn but remains attached. Which injury term applies?|Sprain;Strain;Avulsion;Malunion|Sprain is ligament injury;Strain applies to tendon/muscle injury;Avulsion is complete separation from attachment;Malunion is bone healing in abnormal alignment
44|injury|C|partial-contact|44:18;44:9,16|After trauma, articulating bones have lost some contact but remain partly opposed. Which displacement fits?|Subluxation;Dislocation;Nonunion;Comminution|Subluxation preserves partial contact;Dislocation is displacement out of the joint;Nonunion concerns fracture healing;Comminution concerns bone fragments
44|bone-disease|practice|glucocorticoid|44:31-33|Glucocorticoids increase RANKL and inhibit OPG production. Which skeletal consequence follows?|Lower density through greater resorption;Higher density through greater resorption;Lower density through less resorption;Higher density through less formation|Increased RANKL and reduced OPG favor osteoclast activity and lower density;Greater resorption does not explain increased density;Reduced resorption does not explain the supplied loss mechanism;Less formation does not explain increased density
44|bone-disease|practice|sequestrum|44:39-40;43:12,28|Bone infection lifts the periosteum and interrupts blood supply. What is the resulting devitalized bone called?|Sequestrum;Involucrum;Osteoid;Procallus|Sequestrum is the dead segment;Involucrum is new periosteal bone;Osteoid is unmineralized matrix;Procallus is fracture granulation tissue
44|bone-disease|A|mineralization|44:33,36;44:38-39|Osteoid has formed, but calcification is inadequate because vitamin D availability is poor. Which disorder matches this specific defect?|Osteomalacia;Osteoporosis;Paget disease;Osteomyelitis|Osteomalacia is inadequate mineralization;Osteoporosis is taught here as reduced mass with usually normal histology;Paget is excessive turnover;Osteomyelitis is infection
44|bone-disease|B|turnover|44:38;44:16,36,39|Bone resorption and formation both accelerate abnormally, enlarging and softening affected bone. Which process is described?|Paget disease;Osteomalacia;Osteomyelitis;Nonunion|Paget involves excessive resorption and formation;Osteomalacia is failed mineralization;Osteomyelitis is infection;Nonunion is failed fracture joining
44|bone-disease|C|prevention|44:35|Which activity is specifically included in the supplied osteoporosis prevention plan?|Regular moderate weightbearing activity;Exercise with no weightbearing at all;Bed rest between all daily activities;Avoidance of resistance against gravity|The prevention slide specifically includes moderate weightbearing exercise;This omits the identified weightbearing component;Inactivity is a risk factor rather than the proposed prevention;Avoiding all loading opposes the supplied activity recommendation
44|arthritis|practice|cartilage-v-synovium|44:49-55;44:59,62|Local cartilage loss and osteophytes occur without the stated systemic autoimmune synovial pattern. Which diagnosis best matches the structural findings?|Osteoarthritis;Rheumatoid arthritis;Gout;Ankylosing spondylitis|OA combines cartilage loss and osteophytes;RA is systemic autoimmune synovial disease;Gout is urate crystal deposition;AS emphasizes spinal/sacroiliac inflammation and fusion
44|arthritis|practice|pannus|44:52,54;43:28;44:39,62|T-cell and TNF interactions turn synovium into thick abnormal granulation tissue. What is this tissue called?|Pannus;Tophus;Sequestrum;Callus|Pannus is the abnormal synovial layer described in notes;Tophus is a urate deposit;Sequestrum is dead bone;Callus forms during fracture repair
44|arthritis|A|symmetric-systemic|44:54-56;44:21,49,65|Symmetric joint swelling is accompanied by systemic inflammation and rheumatoid factors. Which disorder is best supported?|Rheumatoid arthritis;Osteoarthritis;Acute gout;Bursitis|The combined systemic and symmetric pattern supports RA;OA centers on local degenerative joint changes;Gout often produces recurrent monoarticular attacks;Bursitis is inflammation of a periarticular sac
44|arthritis|B|spine|44:59-60;41:64;42:34;45:47|Chronic back stiffness progresses with sacroiliac inflammation and joint fusion. Which association is named in the packet?|HLA-B27;CFTR;DMD;CARD15/NOD2|HLA-B27 is strongly associated with ankylosing spondylitis;CFTR is linked to cystic fibrosis;DMD encodes dystrophin;CARD15/NOD2 is associated with Crohn disease
44|arthritis|C|target-treatment|44:57|Which medication is specifically identified as first-line disease-modifying treatment in the RA slide?|Methotrexate;Azathioprine;Hydroxychloroquine;Leflunomide|Methotrexate is explicitly labeled first line on slide57;Azathioprine is listed but not labeled first line;Hydroxychloroquine is listed but not labeled first line;Leflunomide is listed but not labeled first line
44|urate|practice|renal-balance|44:62-63|Uric acid production is unchanged, but renal excretion falls. What happens to the risk of urate crystallization?|It rises as urate accumulates;It falls as urate accumulates;It rises as urate clearance improves;It falls as urate clearance declines|Reduced excretion promotes accumulation toward crystallization;Accumulation does not reduce crystallization risk;The stem describes reduced rather than improved clearance;Declining clearance does not explain declining accumulation risk
44|urate|practice|stage|44:64|Serum urate is elevated, but the patient has no symptoms. Which stage is named in the packet?|Asymptomatic hyperuricemia;Acute gouty arthritis;Tophaceous gout;Ankylosing spondylitis|This stage explicitly has high urate without symptoms;Acute arthritis requires an attack;Tophaceous disease has tissue deposits;AS is a distinct inflammatory spinal disease
44|urate|A|kidney|44:65|Gout produces recurrent single-joint attacks and tissue tophi. Which organ is also a named site of gout-related disease?|Kidney;Gallbladder;Pancreas;Duodenum|The source names renal tissue injury and stones;The gallbladder is not the extraarticular site named here;The pancreas is not the extraarticular site named here;The duodenum is not the extraarticular site named here
44|urate|B|tophi-tissue|44:62,64|Persistent urate deposits are found within tendons and periarticular soft tissue. Which stage does this establish?|Tophaceous gout;Asymptomatic hyperuricemia;Primary osteoarthritis;Acute muscle strain|Tissue tophi define the deposition stage;A high serum value alone defines asymptomatic hyperuricemia;OA does not define urate nodules;Strain does not create chronic urate deposits
44|urate|C|purine|44:63;40:41,63;43:18|Accelerated breakdown of which substrate class is linked to increased uric acid production?|Purines;Triglycerides;Collagen fibers;Bile salts|The packet links gout to purine metabolism;Triglycerides are lipid substrates;Collagen is structural protein;Bile salts support fat emulsification
44|muscle-injury|practice|pigment|44:27-28;40:64-65;43:64|Severe muscle trauma is followed by weakness and dark urine. Which released muscle constituent explains the color?|Myoglobin;Bilirubin;Urobilinogen;Creatine kinase|Released myoglobin is the pigment causing dark urine in rhabdomyolysis;Bilirubin belongs to the hepatobiliary pigment pathway;Urobilinogen is a bilirubin-derived product rather than the muscle pigment;CK is an injury marker rather than the named pigment
44|muscle-injury|practice|kidney-protection|44:28|Rapid intravenous hydration is ordered for rhabdomyolysis. Which supplied goal explains the urgency?|Maintain renal perfusion;Reduce renal perfusion;Increase muscle breakdown;Reduce urinary clearance|The source explicitly gives adequate kidney flow as the hydration goal;Reducing flow reverses the stated goal;More muscle breakdown would add released cellular contents;Reducing clearance does not match the supplied hydration objective
44|muscle-injury|A|potassium|44:28;41:84;42:54|Rhabdomyolysis is complicated by marked hyperkalemia. Which temporary intervention is named in the packet?|Temporary hemodialysis;Rapid intravenous hydration;Gastric suction;Albumin administration|Hemodialysis may be required for hyperkalemia;Hydration supports kidney flow but is not the temporary procedure named for hyperkalemia;Gastric suction decompresses bowel in the supplied NEC plan;Albumin is listed in ascites care rather than as the named hyperkalemia intervention
44|muscle-injury|B|disuse|44:74|After prolonged immobilization, muscle fibers become smaller. Which supplied cellular balance contributes?|Less synthesis and more proteolysis;More synthesis and less proteolysis;More synthesis and more proteolysis;Less synthesis and less proteolysis|The packet describes reduced protein synthesis and increased breakdown;Both directions are reversed;The synthesis direction is incorrect;The proteolysis direction is incorrect
44|muscle-injury|C|delayed-relaxation|44:75;44:21,27,74|Voluntary contraction is followed by unusually delayed relaxation and stiffness. Which term fits?|Myotonia;Rhabdomyolysis;Disuse atrophy;Bursitis|Myotonia is delayed relaxation after voluntary contraction;Rhabdomyolysis rapidly destroys muscle;Disuse atrophy reduces fiber size;Bursitis inflames a synovial-lined sac
45|growth|practice|centers|45:6-8|A developing long bone forms its primary ossification center centrally. Which region contains it?|Diaphysis;Epiphysis;Metaphyseal growth plate;Articular cartilage|The primary center forms in the diaphysis;Secondary centers develop in the epiphyses;The plate is a site of continued longitudinal growth rather than the primary center;Articular cartilage is not the primary ossification center
45|growth|practice|body-fraction|45:12-13;43:42|A learner confuses muscle composition with muscle's share of body weight. Which comparison is supplied for the body-weight share?|Infant 25% and adult 40%;Infant 40% and adult 25%;Infant 75% and adult 20%;Infant 20% and adult 75%|The slide gives 25% for infants and 40% for adults;This reverses the ages;75% water and 20% protein describe tissue composition;These are reversed tissue-composition values rather than body shares
45|growth|A|cartilage-replacement|45:7-8;43:10|Growth at the physeal plate produces bone through a cartilage framework. Which formation process is used?|Endochondral ossification;Intramembranous ossification;Fracture-callus remodeling;Periosteal resorption|Endochondral formation replaces a cartilage model with bone;Intramembranous bone formation lacks that cartilage stage;The stem describes growth rather than fracture healing;Resorption removes bone rather than naming cartilage replacement
45|growth|B|fiber-diameter|45:12|A growing child's muscle fibers increase in diameter. Which microscopic change explains this in the packet?|More fibrils per fiber;Wider individual fibrils;Fewer fibrils per fiber;Shorter individual fibrils|The source attributes diameter growth to increased fibril number;It explicitly says fibril diameter does not increase;Fewer fibrils do not match the supplied growth mechanism;Shortening does not explain increased fiber diameter
45|growth|C|growth-influence|45:9;40:28,33-34|An assessment of slow longitudinal growth considers nutrition and general health. Which additional factor is explicitly listed as a regulator of bone growth?|Growth hormone;Secretin;Somatostatin;Cholecystokinin|The source lists pituitary growth hormone;Secretin is a digestive signal rather than the named bone-growth regulator;The cited gastric somatostatin role concerns secretion;CCK coordinates digestion rather than the regulator listed in this bone-growth slide
45|hip|practice|barlow|45:15-16|An infant's hip is in the socket but can be displaced during examination. Which maneuver is positive by the supplied definition?|Barlow;Ortolani;Galeazzi;Trendelenburg|Barlow describes reduced but dislocatable;Ortolani describes dislocated but reducible;Galeazzi is limb-length discrepancy;Trendelenburg is a gait finding
45|hip|practice|perfusion|45:39|A femoral-head ossification center becomes necrotic after interrupted blood supply. Which disorder explains this sequence?|Legg-Calve-Perthes disease;Developmental hip dysplasia;Osteogenesis imperfecta;Osgood-Schlatter disease|Perthes disease interrupts femoral-head perfusion;DDH alters femoral/acetabular development and stability;OI affects collagen production;Osgood-Schlatter affects tibial tubercle/patellar tendon
45|hip|A|harness|45:17-19|A two-month-old infant begins treatment for DDH. Which initial treatment fits this age group?|Pavlik harness;Closed reduction and casting;Open reduction and fixation;Corrective pelvic osteotomy|The packet specifies the Pavlik harness for infants under four months;Reduction/casting appears in later age-dependent treatment;Open treatment is not the stated first approach for this young infant;Osteotomy is not the named early-infant device
45|hip|B|referred-knee|45:39-40|A child reports knee pain, but examination finds restricted hip rotation and an abductor lurch. In the supplied Perthes pattern, which structure needs attention?|Femoral head;Tibial tubercle;Patellar tendon;Metatarsal head|Perthes disease affects femoral-head blood supply;Tibial-tubercle pain fits Osgood-Schlatter localization;Patellar tendon is not the cited hip lesion;Metatarsal structures are in the foot
45|hip|C|containment|45:40|A treatment plan for Perthes disease calls for containment. Which position fulfills that goal?|Head fully seated in the socket;Head partly displaced from the socket;Head fully outside the socket;Head aligned below the socket|Containment keeps the ball completely within the socket;Partial displacement loses full containment;Complete displacement contradicts containment;Position below the socket does not seat the articular head
45|bone-child|practice|collagen|45:22-23|Recurrent fractures accompany blue sclera and poor dentition. Which supplied tissue defect connects these findings?|Abnormal collagen production;Impaired osteoid mineralization;Accelerated urate production;Excess osteoclast activation|The OI pattern is linked to collagen production;Mineralization failure instead supports rickets;Urate accumulation produces crystal disease rather than this congenital connective-tissue pattern;Excess resorption does not account for the supplied collagen-associated scleral and dental findings
45|bone-child|practice|rickets|45:24-25|A child's growing bone fails to mineralize and the limbs bow. Which disorder is described?|Rickets;Osteogenesis imperfecta;Osteosarcoma;Osteomyelitis|Rickets is failed mineralization in growing bone;OI is a collagen-production defect;Osteosarcoma produces malignant osteoid;Osteomyelitis is infection
45|bone-child|A|tubercle|45:41-42|Activity produces tenderness at the tibial tubercle and anterior patellar tendon. Which immediate management principle is supplied?|Restrict strenuous activity;Maintain strenuous activity;Intensify strenuous activity;Resume activity despite persistent pain|Initial activity restriction is supplied;Unchanged loading opposes the stated restriction;Greater loading opposes the stated restriction;Persistent pain calls for further support rather than unrestricted activity
45|bone-child|B|infection-spread|45:29-33|Why can infant osteomyelitis accompany septic arthritis in the supplied explanation?|Vessels cross the growth plate;Vessels avoid the growth plate;The growth plate has already fused;The growth plate prevents all spread|Infant vessels perforate the plate and connect regions;This removes the supplied vascular pathway;Infant plates are not already fused;The described vascular route means the plate is not an absolute barrier
45|bone-child|C|tumor-location|45:55-56;44:44|A malignant round-cell tumor occupies a long-bone diaphysis. Which tumor fits the supplied location and tissue pattern?|Ewing sarcoma;Osteosarcoma;Chondrosarcoma;Rhabdomyosarcoma|Ewing is a round-cell tumor in diaphyses/flat bones;Osteosarcoma makes osteoid and favors metaphyses;Chondrosarcoma produces cartilage;Rhabdomyosarcoma arises from muscle precursors
45|spine-joints|practice|rotation|45:26-28|Which feature distinguishes structural scoliosis from a curvature caused only by posture in the packet?|Vertebral rotation;Postural curvature alone;Leg-length discrepancy alone;Pain-related lateral bending|Structural scoliosis includes rotation;Postural curvature belongs to the nonstructural category;Unequal leg lengths are a nonstructural cause;Pain-related bending does not itself establish a rotated structural curve
45|spine-joints|practice|brace-goal|45:27|A family expects a scoliosis brace to cure the curve. Which supplied goal should replace that expectation?|Limit further curve progression;Correct the existing curve completely;Fuse the affected vertebral segments;Eliminate vertebral rotation promptly|The packet describes prevention of progression;Bracing is not presented as a cure;Fusion is a surgical intervention;Prompt elimination of rotation is not the stated bracing result
45|spine-joints|A|uveitis|45:34-35|A child with juvenile arthritis needs attention to an extraarticular problem specifically highlighted in the packet. Which one is it?|Chronic ocular inflammation;Chronic pancreatic inflammation;Congenital bile-duct obstruction;Progressive muscle-fiber necrosis|Chronic uveitis is the supplied extraarticular ocular problem;Pancreatic inflammation is not the listed juvenile-arthritis association;A congenital duct defect is not the listed association;Muscle-fiber necrosis describes a different pediatric musculoskeletal mechanism
45|spine-joints|B|rf-negative|45:35-36|A child has a compatible juvenile arthritis presentation but no detected rheumatoid factor. Which interpretation matches the packet?|JIA remains compatible with the result;JIA requires a positive result;Adult RA is established by the result;Inflammation is excluded by the result|The packet states RF is seldom detected in JIA;Requiring positivity contradicts that comparison;A negative result does not by itself establish adult RA;An absent marker does not exclude the described inflammatory disease
45|spine-joints|C|nonstructural|45:26-28|A spinal curvature is attributed to unequal leg lengths rather than an intrinsic rotated vertebral deformity. Which category fits?|Nonstructural scoliosis;Structural scoliosis;Idiopathic structural scoliosis;Ankylosing spondylitis|The notes place leg-length discrepancy in nonstructural causes;Structural disease includes rotation;Idiopathic structural disease has no known cause;AS is inflammatory fusion rather than this positional cause
45|neuromuscular|practice|dystrophin|45:47-48|A muscle fiber tears during repeated contractions because actin is poorly anchored to its basement membrane. Which protein is implicated?|Dystrophin;Actin;Myosin;Titin|Dystrophin provides the specified anchorage;Actin is the cytoskeletal element being anchored;Myosin is the thick contractile filament rather than this anchor;Titin is a sarcomeric structural protein rather than the described membrane anchor
45|neuromuscular|practice|cp-course|45:44-49|A child has a movement/posture disorder after injury to the developing CNS. Which course best matches cerebral palsy as defined in the packet?|Nonprogressive neurologic impairment;Progressive dystrophin-related myopathy;Progressive inflammatory joint disease;Recurrent bone infection|CP is defined by nonprogressive CNS injury or malformation;Dystrophin-related progressive weakness is DMD;Joint disease does not identify the stated developing-CNS lesion;Bone infection does not identify the neurologic lesion
45|neuromuscular|A|calcium-necrosis|45:48|Poor dystrophin anchorage disrupts the muscle membrane. Which next event contributes to fiber necrosis in the supplied sequence?|Calcium enters damaged muscle fibers;Calcium leaves damaged muscle fibers;Calcium remains confined to storage;Calcium entry stops further injury|Free calcium enters damaged fibers and contributes to necrosis;Efflux reverses the supplied direction;The source describes entry rather than maintained confinement;The entry contributes to damage rather than ending it
45|neuromuscular|B|false-size|45:61|A child with DMD has large calves despite progressive weakness. What accounts for the apparent size in the slide61 notes?|Fat and connective tissue replace fibers;Functional myofibrils increase in number;Each contractile filament becomes wider;Motor-unit recruitment enlarges the calf|The slide61 notes define pseudohypertrophy by fat and connective tissue;The apparent size is not explained by more effective contractile tissue;The source does not identify wider filaments as the cause;Recruitment changes activation rather than causing this tissue replacement
45|neuromuscular|C|cardiac|45:49|Which complication belongs to the supplied DMD manifestations beyond limb weakness?|Cardiac muscle dysfunction;Portal venous obstruction;Intestinal villous destruction;Renal urate crystallization|Cardiomyopathy is explicitly listed among DMD manifestations;Portal obstruction belongs to hepatic circulation disorders;Villous destruction belongs to mucosal disease;Urate crystallization belongs to gout rather than the listed DMD manifestation
